id,aired
4596,2004-09-06
4605,2004-09-17
4684,2005-01-06
3935,2001-10-12
3936,2001-10-15
3937,2001-10-16
3938,2001-10-17
3939,2001-10-18
3940,2001-10-19
3668,2000-07-12
3941,2001-10-22
3942,2001-10-23
3943,2001-10-24
737,1987-11-17
3945,2001-10-26
3669,2000-07-13
3670,2000-07-14
5016,2006-06-05
5017,2006-06-06
3663,2000-07-05
3673,2000-07-19
5018,2006-06-07
3662,2000-07-04
5019,2006-06-08
4685,2005-01-07
3946,2001-10-29
3947,2001-10-30
13,1990-09-08
5020,2006-06-09
5021,2006-06-12
3674,2000-07-20
3951,2001-11-05
3952,2001-11-06
3953,2001-11-07
3954,2001-11-08
4686,2005-01-10
3955,2001-11-09
3956,2001-11-12
3957,2001-11-13
3958,2001-11-14
3959,2001-11-15
3960,2001-11-16
3961,2001-11-19
3962,2001-11-20
5022,2006-06-13
3675,2000-07-21
4687,2005-01-11
5023,2006-06-14
5024,2006-06-15
3307,1999-01-12
5025,2006-06-16
3308,1999-01-13
2735,1996-06-21
3309,1999-01-14
3310,1999-01-15
5026,2006-06-19
3311,1999-01-18
738,1987-11-18
3312,1999-01-19
5027,2006-06-20
5028,2006-06-21
2736,1996-06-24
3313,1999-01-20
3963,2001-11-21
3964,2001-11-22
3965,2001-11-23
5029,2006-06-22
3314,1999-01-21
4688,2005-01-12
5030,2006-06-23
3315,1999-01-22
3966,2001-11-26
3967,2001-11-27
3968,2001-11-28
3969,2001-11-29
3970,2001-11-30
3316,1999-01-25
5031,2006-06-26
3317,1999-01-26
4689,2005-01-13
2737,1996-06-25
5032,2006-06-27
3971,2001-12-03
3972,2001-12-04
3973,2001-12-05
3974,2001-12-06
3975,2001-12-07
3318,1999-01-27
5033,2006-06-28
3319,1999-01-28
4690,2005-01-14
5034,2006-06-29
3320,1999-01-29
5035,2006-06-30
3976,2001-12-10
3977,2001-12-11
3978,2001-12-12
3979,2001-12-13
3980,2001-12-14
3981,2001-12-17
3982,2001-12-18
4691,2005-01-17
3983,2001-12-19
3984,2001-12-20
3985,2001-12-21
3321,1999-02-01
4092,2002-05-21
4093,2002-05-22
4094,2002-05-23
4095,2002-05-24
3322,1999-02-02
5036,2006-07-03
4606,2004-09-20
4692,2005-01-18
4077,2002-04-30
4089,2002-05-16
4090,2002-05-17
4091,2002-05-20
3323,1999-02-03
3324,1999-02-04
5037,2006-07-04
5038,2006-07-05
3325,1999-02-05
3326,1999-02-08
4693,2005-01-19
5040,2006-07-07
5039,2006-07-06
3327,1999-02-09
3328,1999-02-10
5041,2006-07-10
3329,1999-02-11
5042,2006-07-11
3330,1999-02-12
5043,2006-07-12
3331,1999-02-15
739,1987-11-19
3986,2001-12-24
3987,2001-12-25
3988,2001-12-26
3989,2001-12-27
3990,2001-12-28
5044,2006-07-13
3332,1999-02-16
3333,1999-02-17
3334,1999-02-18
3335,1999-02-19
4694,2005-01-20
5045,2006-07-14
2066,1993-09-06
781,1988-01-18
2106,1993-11-01
1589,1991-06-27
1126,1989-06-26
3991,2001-12-31
3992,2002-01-01
3993,2002-01-02
3994,2002-01-03
4695,2005-01-21
3995,2002-01-04
3005,1997-09-26
3006,1997-09-29
3007,1997-09-30
3008,1997-10-01
3009,1997-10-02
3010,1997-10-03
3011,1997-10-06
3014,1997-10-09
3015,1997-10-10
740,1987-11-20
1753,1992-03-25
2709,1996-05-16
2710,1996-05-17
2660,1996-03-08
2805,1996-11-08
2756,1996-09-02
5046,2006-07-17
5047,2006-07-18
5048,2006-07-19
4096,2002-05-27
351,1986-01-13
4097,2002-05-28
4098,2002-05-29
4099,2002-05-30
4100,2002-05-31
5049,2006-07-20
3996,2002-01-07
3997,2002-01-08
3998,2002-01-09
3999,2002-01-10
4000,2002-01-11
4696,2005-01-24
5050,2006-07-21
5051,2006-07-24
5052,2006-07-25
5053,2006-07-26
5054,2006-07-27
5055,2006-07-28
3030,1997-10-31
3046,1997-11-24
3047,1997-11-25
3048,1997-11-26
4697,2005-01-25
4001,2002-01-14
4002,2002-01-15
4003,2002-01-16
4004,2002-01-17
4005,2002-01-18
4340,2003-06-13
3099,1998-02-05
3100,1998-02-06
4341,2003-06-16
3102,1998-02-10
2818,1996-11-27
3103,1998-02-11
3106,1998-02-16
3107,1998-02-17
3108,1998-02-18
3109,1998-02-19
3110,1998-02-20
3111,1998-02-23
3118,1998-03-04
3119,1998-03-05
3120,1998-03-06
4607,2004-09-21
4698,2005-01-26
3121,1998-03-09
3116,1998-03-02
3171,1998-05-18
3172,1998-05-19
3174,1998-05-21
3175,1998-05-22
3177,1998-05-26
3178,1998-05-27
3179,1998-05-28
3180,1998-05-29
2352,1994-11-22
3181,1998-06-01
3182,1998-06-02
8,1990-08-04
3143,1998-04-08
3060,1997-12-12
3061,1997-12-15
3062,1997-12-16
3063,1997-12-17
4006,2002-01-21
4007,2002-01-22
4699,2005-01-27
4008,2002-01-23
4009,2002-01-24
4010,2002-01-25
2621,1996-01-15
3064,1997-12-18
3065,1997-12-19
3066,1997-12-22
3067,1997-12-23
3068,1997-12-24
3069,1997-12-25
4700,2005-01-28
3070,1997-12-26
3071,1997-12-29
5056,2006-09-11
5057,2006-09-12
5058,2006-09-13
5059,2006-09-14
5060,2006-09-15
3016,1997-10-13
3017,1997-10-14
3018,1997-10-15
1890,1992-11-20
3019,1997-10-16
3020,1997-10-17
3021,1997-10-20
3022,1997-10-21
3023,1997-10-22
3024,1997-10-23
3025,1997-10-24
3026,1997-10-27
3027,1997-10-28
3028,1997-10-29
1889,1992-11-19
3029,1997-10-30
5061,2006-09-18
5062,2006-09-19
5063,2006-09-20
5064,2006-09-21
5065,2006-09-22
5066,2006-09-25
5067,2006-09-26
3697,2000-10-03
3031,1997-11-03
1197,1989-11-14
3032,1997-11-04
3033,1997-11-05
5068,2006-09-27
5069,2006-09-28
3034,1997-11-06
3035,1997-11-07
5070,2006-09-29
3036,1997-11-10
3037,1997-11-11
3038,1997-11-12
4701,2005-01-31
3039,1997-11-13
3040,1997-11-14
5071,2006-10-02
5072,2006-10-03
5073,2006-10-04
3832,2001-04-10
5074,2006-10-05
5075,2006-10-06
3703,2000-10-11
3870,2001-06-01
1241,1990-01-15
3871,2001-06-04
3872,2001-06-05
3873,2001-06-06
3874,2001-06-07
3875,2001-06-08
3876,2001-06-11
5076,2006-10-09
5077,2006-10-10
5078,2006-10-11
5079,2006-10-12
4702,2005-02-01
5080,2006-10-13
3862,2001-05-22
5081,2006-10-16
3621,2000-05-08
5082,2006-10-17
3622,2000-05-09
5083,2006-10-18
3623,2000-05-10
3625,2000-05-12
5084,2006-10-19
4608,2004-09-22
4703,2005-02-02
3626,2000-05-15
5085,2006-10-20
3627,2000-05-16
3628,2000-05-17
3629,2000-05-18
3630,2000-05-19
3340,1999-02-26
5086,2006-10-23
5087,2006-10-24
1,1983-09-18
1486,1991-02-04
5088,2006-10-25
3631,2000-05-22
3632,2000-05-23
3633,2000-05-24
3635,2000-05-26
3637,2000-05-30
3634,2000-05-25
2,1984-01-01
5089,2006-10-26
5090,2006-10-27
1498,1991-02-20
5091,2006-10-30
5092,2006-10-31
5093,2006-11-01
2893,1997-03-12
2894,1997-03-13
2895,1997-03-14
2896,1997-03-17
2897,1997-03-18
2898,1997-03-19
2899,1997-03-20
4704,2005-02-03
2900,1997-03-21
2901,1997-03-24
2902,1997-03-25
2903,1997-03-26
5094,2006-11-02
617,1987-04-21
618,1987-04-22
619,1987-04-23
620,1987-04-24
621,1987-04-27
1884,1992-11-12
5095,2006-11-03
4227,2003-01-07
776,1988-01-11
777,1988-01-12
778,1988-01-13
779,1988-01-14
780,1988-01-15
1,1990-06-16
3,1990-06-30
7,1990-07-28
4705,2005-02-04
5096,2006-11-06
5097,2006-11-07
4311,2003-05-05
4312,2003-05-06
4313,2003-05-07
4314,2003-05-08
4315,2003-05-09
4316,2003-05-12
4317,2003-05-13
4318,2003-05-14
1152,1989-09-12
4319,2003-05-15
4320,2003-05-16
1871,1992-10-26
5098,2006-11-08
5099,2006-11-09
5100,2006-11-10
2904,1997-03-27
2905,1997-03-28
2906,1997-03-31
2908,1997-04-02
3716,2000-10-30
2909,1997-04-03
2910,1997-04-04
2911,1997-04-07
2912,1997-04-08
2913,1997-04-09
2914,1997-04-10
2915,1997-04-11
2916,1997-04-14
5101,2006-11-13
5102,2006-11-14
3717,2000-10-31
5103,2006-11-15
5104,2006-11-16
5105,2006-11-17
5106,2006-11-20
5107,2006-11-21
4011,2002-01-28
4012,2002-01-29
4013,2002-01-30
4014,2002-01-31
4015,2002-02-01
4706,2005-02-07
5108,2006-11-22
5109,2006-11-23
5110,2006-11-24
2918,1997-04-16
2919,1997-04-17
2920,1997-04-18
2921,1997-04-21
2922,1997-04-22
2923,1997-04-23
2924,1997-04-24
4609,2004-09-23
3718,2000-11-01
2925,1997-04-25
2931,1997-05-05
2932,1997-05-06
2933,1997-05-07
5111,2006-11-27
5112,2006-11-28
5113,2006-11-29
5114,2006-11-30
2116,1993-11-15
5115,2006-12-01
4707,2005-02-08
2117,1993-11-16
2118,1993-11-17
4016,2002-02-04
4017,2002-02-05
4018,2002-02-06
4019,2002-02-07
4020,2002-02-08
4021,2002-02-11
4022,2002-02-12
4023,2002-02-13
4708,2005-02-09
4024,2002-02-14
4025,2002-02-15
2119,1993-11-18
2120,1993-11-19
5116,2006-12-04
5117,2006-12-05
2121,1993-11-22
2122,1993-11-23
2123,1993-11-24
2124,1993-11-25
3000,1997-09-19
2125,1993-11-26
5118,2006-12-06
5119,2006-12-07
5120,2006-12-08
4026,2002-02-18
4027,2002-02-19
4028,2002-02-20
4029,2002-02-21
4030,2002-02-22
2354,1994-11-24
4709,2005-02-10
2355,1994-11-25
4031,2002-02-25
4032,2002-02-26
4033,2002-02-27
4034,2002-02-28
4035,2002-03-01
5121,2006-12-11
5122,2006-12-12
5123,2006-12-13
4036,2002-03-04
3719,2000-11-02
4037,2002-03-05
4038,2002-03-06
4039,2002-03-07
4040,2002-03-08
5124,2006-12-14
5125,2006-12-15
4101,2002-06-03
4102,2002-06-04
4103,2002-06-05
4104,2002-06-06
4710,2005-02-11
4105,2002-06-07
2936,1997-05-12
2937,1997-05-13
5126,2006-12-18
4106,2002-06-10
4107,2002-06-11
4108,2002-06-12
4109,2002-06-13
4110,2002-06-14
5127,2006-12-19
3720,2000-11-03
2938,1997-05-14
2939,1997-05-15
2940,1997-05-16
2941,1997-05-19
2942,1997-05-20
2943,1997-05-21
2944,1997-05-22
2945,1997-05-23
5128,2006-12-20
5129,2006-12-21
2126,1993-11-29
5130,2006-12-22
1531,1991-04-08
1532,1991-04-09
5131,2006-12-25
3825,2001-03-30
3826,2001-04-02
3827,2001-04-03
3828,2001-04-04
3829,2001-04-05
3830,2001-04-06
4711,2005-02-14
3831,2001-04-09
3833,2001-04-11
3834,2001-04-12
3835,2001-04-13
3836,2001-04-16
5132,2006-12-26
5133,2006-12-27
5134,2006-12-28
5135,2006-12-29
3823,2001-03-28
4610,2004-09-24
2127,1993-11-30
3824,2001-03-29
5136,2007-01-01
5137,2007-01-02
3809,2001-03-08
3810,2001-03-09
3812,2001-03-13
3813,2001-03-14
3814,2001-03-15
3815,2001-03-16
3816,2001-03-19
4712,2005-02-15
3817,2001-03-20
3818,2001-03-21
3819,2001-03-22
3820,2001-03-23
3821,2001-03-26
3822,2001-03-27
5138,2007-01-03
4559,2004-06-03
5139,2007-01-04
4136,2002-09-02
2128,1993-12-01
3837,2001-04-17
3838,2001-04-18
3839,2001-04-19
3840,2001-04-20
3841,2001-04-23
3842,2001-04-24
3843,2001-04-25
3844,2001-04-26
3845,2001-04-27
3846,2001-04-30
4713,2005-02-16
3847,2001-05-01
3848,2001-05-02
3849,2001-05-03
3850,2001-05-04
3851,2001-05-07
3852,2001-05-08
3853,2001-05-09
3854,2001-05-10
3855,2001-05-11
4560,2004-06-04
2129,1993-12-02
4111,2002-06-17
4112,2002-06-18
4113,2002-06-19
4114,2002-06-20
4115,2002-06-21
4116,2002-06-24
4117,2002-06-25
4118,2002-06-26
4119,2002-06-27
4120,2002-06-28
4714,2005-02-17
5140,2007-01-05
4561,2004-06-07
4562,2004-06-08
3856,2001-05-14
3857,2001-05-15
3858,2001-05-16
3859,2001-05-17
3860,2001-05-18
3861,2001-05-21
3863,2001-05-23
2130,1993-12-03
3864,2001-05-24
3865,2001-05-25
3867,2001-05-29
3868,2001-05-30
3877,2001-06-12
3878,2001-06-13
3879,2001-06-14
3880,2001-06-15
3881,2001-06-18
3882,2001-06-19
2676,1996-04-01
3883,2001-06-20
3884,2001-06-21
3886,2001-06-25
3887,2001-06-26
3888,2001-06-27
3889,2001-06-28
4563,2004-06-09
4309,2003-05-01
3890,2001-06-29
3891,2001-07-02
4715,2005-02-18
3892,2001-07-03
3893,2001-07-04
3896,2001-07-09
3897,2001-07-10
3898,2001-07-11
3904,2001-07-19
3905,2001-07-20
4564,2004-06-10
3791,2001-02-12
3792,2001-02-13
961,1988-11-07
3793,2001-02-14
3794,2001-02-15
3795,2001-02-16
3796,2001-02-19
4565,2004-06-11
3797,2001-02-20
3798,2001-02-21
3799,2001-02-22
3800,2001-02-23
3801,2001-02-26
4611,2004-09-27
962,1988-11-08
3802,2001-02-27
3803,2001-02-28
3804,2001-03-01
3805,2001-03-02
3806,2001-03-05
3807,2001-03-06
3808,2001-03-07
5141,2007-01-08
5142,2007-01-09
4148,2002-09-18
4716,2005-02-21
4566,2004-06-14
4567,2004-06-15
4568,2004-06-16
4569,2004-06-17
5143,2007-01-10
3479,1999-10-21
3480,1999-10-22
3481,1999-10-25
3482,1999-10-26
4570,2004-06-18
4717,2005-02-22
5144,2007-01-11
5145,2007-01-12
4122,2002-07-02
3469,1999-10-07
3470,1999-10-08
3471,1999-10-11
3472,1999-10-12
3474,1999-10-14
3475,1999-10-15
3476,1999-10-18
4718,2005-02-23
3477,1999-10-19
5146,2007-01-15
5147,2007-01-16
3582,2000-03-14
3583,2000-03-15
3584,2000-03-16
3585,2000-03-17
5148,2007-01-17
5149,2007-01-18
3473,1999-10-13
963,1988-11-09
5150,2007-01-19
5151,2007-01-22
5152,2007-01-23
3569,2000-02-24
3570,2000-02-25
3571,2000-02-28
3572,2000-02-29
3573,2000-03-01
3574,2000-03-02
3575,2000-03-03
1206,1989-11-27
3576,2000-03-06
3577,2000-03-07
3578,2000-03-08
3579,2000-03-09
3580,2000-03-10
5153,2007-01-24
4121,2002-07-01
4125,2002-07-05
5154,2007-01-25
5155,2007-01-26
4719,2005-02-24
4126,2002-07-08
4127,2002-07-09
4128,2002-07-10
4129,2002-07-11
4130,2002-07-12
4131,2002-07-15
4132,2002-07-16
4133,2002-07-17
4134,2002-07-18
4135,2002-07-19
964,1988-11-10
1102,1989-05-23
1103,1989-05-24
1104,1989-05-25
1105,1989-05-26
1106,1989-05-29
5156,2007-01-29
5157,2007-01-30
5158,2007-01-31
5159,2007-02-01
1322,1990-05-08
4720,2005-02-25
1324,1990-05-10
5160,2007-02-02
1321,1990-05-07
1323,1990-05-09
1325,1990-05-11
1326,1990-05-14
1327,1990-05-15
1328,1990-05-16
1329,1990-05-17
1330,1990-05-18
965,1988-11-11
5161,2007-02-05
2046,1993-06-28
2047,1993-06-29
2048,1993-06-30
2049,1993-07-01
2050,1993-07-02
2051,1993-07-05
2052,1993-07-06
5162,2007-02-06
5163,2007-02-07
4612,2004-09-28
967,1988-11-15
5164,2007-02-08
5165,2007-02-09
3456,1999-09-20
3457,1999-09-21
3458,1999-09-22
3459,1999-09-23
3460,1999-09-24
3461,1999-09-27
3462,1999-09-28
3463,1999-09-29
966,1988-11-14
3464,1999-09-30
3465,1999-10-01
3466,1999-10-04
3467,1999-10-05
3468,1999-10-06
5166,2007-02-12
5167,2007-02-13
5168,2007-02-14
4041,2002-03-11
4042,2002-03-12
4721,2005-02-28
4043,2002-03-13
4044,2002-03-14
4045,2002-03-15
4046,2002-03-18
4047,2002-03-19
4048,2002-03-20
4049,2002-03-21
4050,2002-03-22
4051,2002-03-25
4052,2002-03-26
1,1984-09-10
4053,2002-03-27
4054,2002-03-28
4055,2002-03-29
4056,2002-04-01
4057,2002-04-02
4058,2002-04-03
4059,2002-04-04
4060,2002-04-05
4061,2002-04-08
4062,2002-04-09
2,1984-09-11
4063,2002-04-10
4064,2002-04-11
4065,2002-04-12
4066,2002-04-15
4067,2002-04-16
4068,2002-04-17
4069,2002-04-18
4070,2002-04-19
4071,2002-04-22
4072,2002-04-23
4723,2005-03-02
4073,2002-04-24
4074,2002-04-25
4075,2002-04-26
4076,2002-04-29
5169,2007-02-15
5170,2007-02-16
571,1987-02-16
5171,2007-02-19
5172,2007-02-20
5173,2007-02-21
4722,2005-03-01
5174,2007-02-22
5175,2007-02-23
5176,2007-02-26
5177,2007-02-27
5178,2007-02-28
5179,2007-03-01
5180,2007-03-02
5181,2007-03-05
5182,2007-03-06
5183,2007-03-07
3,1984-09-12
5184,2007-03-08
5185,2007-03-09
5186,2007-03-12
5187,2007-03-13
5188,2007-03-14
5189,2007-03-15
5190,2007-03-16
1872,1992-10-27
3790,2001-02-09
5191,2007-03-19
968,1988-11-16
5192,2007-03-20
5193,2007-03-21
5195,2007-03-23
5194,2007-03-22
5196,2007-03-26
5197,2007-03-27
5198,2007-03-28
5199,2007-03-29
5200,2007-03-30
3676,2000-09-04
4,1984-09-13
3677,2000-09-05
5201,2007-04-02
5202,2007-04-03
5203,2007-04-04
5204,2007-04-05
5205,2007-04-06
5206,2007-04-09
5207,2007-04-10
5208,2007-04-11
5209,2007-04-12
4613,2004-09-29
5,1984-09-14
5210,2007-04-13
5211,2007-04-16
5212,2007-04-17
5213,2007-04-18
5214,2007-04-19
5215,2007-04-20
3678,2000-09-06
3679,2000-09-07
3680,2000-09-08
3681,2000-09-11
969,1988-11-17
5216,2007-04-23
5217,2007-04-24
3682,2000-09-12
5218,2007-04-25
5219,2007-04-26
3683,2000-09-13
3684,2000-09-14
5220,2007-04-27
3685,2000-09-15
3615,2000-04-28
970,1988-11-18
3616,2000-05-01
3617,2000-05-02
3618,2000-05-03
3619,2000-05-04
3620,2000-05-05
3686,2000-09-18
3687,2000-09-19
3688,2000-09-20
5221,2007-04-30
5222,2007-05-01
4724,2005-03-03
3689,2000-09-21
3690,2000-09-22
5223,2007-05-02
3691,2000-09-25
3692,2000-09-26
5224,2007-05-03
3693,2000-09-27
3694,2000-09-28
5225,2007-05-04
3695,2000-09-29
2985,1997-07-18
3701,2000-10-09
3702,2000-10-10
5226,2007-05-07
3704,2000-10-12
5227,2007-05-08
3705,2000-10-13
5228,2007-05-09
3706,2000-10-16
3707,2000-10-17
3708,2000-10-18
4725,2005-03-04
5229,2007-05-10
5230,2007-05-11
3709,2000-10-19
3710,2000-10-20
3711,2000-10-23
3712,2000-10-24
5231,2007-05-14
3713,2000-10-25
5232,2007-05-15
3714,2000-10-26
2682,1996-04-09
5233,2007-05-16
3715,2000-10-27
3671,2000-07-17
3672,2000-07-18
5234,2007-05-17
5235,2007-05-18
3721,2000-11-06
3722,2000-11-07
5236,2007-05-21
5237,2007-05-22
2683,1996-04-10
5238,2007-05-23
5239,2007-05-24
5240,2007-05-25
3733,2000-11-22
5241,2007-05-28
5242,2007-05-29
3734,2000-11-23
3735,2000-11-24
5243,2007-05-30
5244,2007-05-31
3383,1999-04-28
5245,2007-06-01
3050,1997-11-28
3051,1997-12-01
5246,2007-06-04
5247,2007-06-05
3052,1997-12-02
5248,2007-06-06
3053,1997-12-03
3054,1997-12-04
3055,1997-12-05
4726,2005-03-07
3056,1997-12-08
3057,1997-12-09
3058,1997-12-10
3059,1997-12-11
5250,2007-06-08
5249,2007-06-07
2207,1994-03-22
5251,2007-06-11
5252,2007-06-12
3077,1998-01-06
4614,2004-09-30
2819,1996-11-28
3078,1998-01-07
3079,1998-01-08
5253,2007-06-13
5254,2007-06-14
3080,1998-01-09
5255,2007-06-15
3081,1998-01-12
3082,1998-01-13
3083,1998-01-14
5256,2007-06-18
3112,1998-02-24
3084,1998-01-15
5257,2007-06-19
3085,1998-01-16
3086,1998-01-19
3087,1998-01-20
5258,2007-06-20
3088,1998-01-21
3089,1998-01-22
3091,1998-01-26
3092,1998-01-27
3113,1998-02-25
3093,1998-01-28
5260,2007-06-22
5259,2007-06-21
5261,2007-06-25
5262,2007-06-26
3198,1998-06-24
5263,2007-06-27
3191,1998-06-15
3192,1998-06-16
5264,2007-06-28
4727,2005-03-08
3193,1998-06-17
5265,2007-06-29
3194,1998-06-18
2,1990-06-23
3196,1998-06-22
3197,1998-06-23
6,1990-07-21
3426,1999-06-28
5266,2007-07-02
5267,2007-07-03
3114,1998-02-26
9,1990-08-11
3183,1998-06-03
3184,1998-06-04
3186,1998-06-08
3187,1998-06-09
3188,1998-06-10
3189,1998-06-11
5269,2007-07-05
5268,2007-07-04
5270,2007-07-06
2820,1996-11-29
5271,2007-07-09
5272,2007-07-10
3199,1998-06-25
3200,1998-06-26
3201,1998-06-29
3202,1998-06-30
3204,1998-07-02
3205,1998-07-03
3206,1998-07-06
3207,1998-07-07
3115,1998-02-27
3208,1998-07-08
3209,1998-07-09
3210,1998-07-10
3211,1998-07-13
3212,1998-07-14
3213,1998-07-15
3214,1998-07-16
5274,2007-07-12
5275,2007-07-13
5273,2007-07-11
2584,1995-11-23
10,1990-08-18
5276,2007-07-16
5277,2007-07-17
5278,2007-07-18
3145,1998-04-10
3146,1998-04-13
3147,1998-04-14
3150,1998-04-17
3153,1998-04-22
3154,1998-04-23
4728,2005-03-09
3155,1998-04-24
5279,2007-07-19
11,1990-08-25
5280,2007-07-20
5281,2007-07-23
12,1990-09-01
5282,2007-07-24
5283,2007-07-25
5284,2007-07-26
5285,2007-07-27
3117,1998-03-03
1651,1991-11-04
422,1986-04-22
423,1986-04-23
1652,1991-11-05
3195,1998-06-19
1254,1990-02-01
1653,1991-11-06
1654,1991-11-07
1659,1991-11-14
1660,1991-11-15
4597,2004-09-07
4615,2004-10-01
4729,2005-03-10
3526,1999-12-27
3527,1999-12-28
3528,1999-12-29
3529,1999-12-30
3049,1997-11-27
3530,1999-12-31
3531,2000-01-03
3532,2000-01-04
3533,2000-01-05
3534,2000-01-06
3127,1998-03-17
3535,2000-01-07
3536,2000-01-10
3537,2000-01-11
2759,1996-09-05
3538,2000-01-12
3811,2001-03-12
3539,2000-01-13
3540,2000-01-14
3541,2000-01-17
3542,2000-01-18
4730,2005-03-11
3543,2000-01-19
3544,2000-01-20
3545,2000-01-21
3885,2001-06-22
3546,2000-01-24
3547,2000-01-25
3548,2000-01-26
3549,2000-01-27
3550,2000-01-28
3551,2000-01-31
3128,1998-03-18
3552,2000-02-01
3553,2000-02-02
3554,2000-02-03
3555,2000-02-04
3566,2000-02-21
3567,2000-02-22
3568,2000-02-23
4366,2003-09-08
3451,1999-09-13
4365,2003-07-18
3664,2000-07-06
3452,1999-09-14
3453,1999-09-15
3454,1999-09-16
3455,1999-09-17
3444,1999-07-22
3445,1999-07-23
3586,2000-03-20
3587,2000-03-21
3588,2000-03-22
3589,2000-03-23
3129,1998-03-19
3590,2000-03-24
3591,2000-03-27
2760,1996-09-06
5286,2007-09-10
3592,2000-03-28
5287,2007-09-11
3593,2000-03-29
3594,2000-03-30
3595,2000-03-31
5288,2007-09-12
3478,1999-10-20
3596,2000-04-03
5289,2007-09-13
3597,2000-04-04
5290,2007-09-14
3598,2000-04-05
3599,2000-04-06
5291,2007-09-17
5292,2007-09-18
3600,2000-04-07
3601,2000-04-10
4731,2005-03-14
5293,2007-09-19
3602,2000-04-11
5294,2007-09-20
3603,2000-04-12
3604,2000-04-13
5295,2007-09-21
3605,2000-04-14
3606,2000-04-17
5296,2007-09-24
3607,2000-04-18
4732,2005-03-15
3608,2000-04-19
5297,2007-09-25
3609,2000-04-20
3610,2000-04-21
3611,2000-04-24
5298,2007-09-26
5299,2007-09-27
3612,2000-04-25
3613,2000-04-26
3614,2000-04-27
3126,1998-03-16
5300,2007-09-28
3638,2000-05-31
5301,2007-10-01
3639,2000-06-01
5302,2007-10-02
3640,2000-06-02
5303,2007-10-03
3641,2000-06-05
3642,2000-06-06
3643,2000-06-07
4616,2004-10-04
3122,1998-03-10
5305,2007-10-05
3644,2000-06-08
5304,2007-10-04
3645,2000-06-09
3646,2000-06-12
5306,2007-10-08
3647,2000-06-13
5307,2007-10-09
3648,2000-06-14
5308,2007-10-10
3123,1998-03-11
3649,2000-06-15
3650,2000-06-16
3651,2000-06-19
3652,2000-06-20
3653,2000-06-21
3654,2000-06-22
3655,2000-06-23
3656,2000-06-26
3657,2000-06-27
3658,2000-06-28
3124,1998-03-12
3659,2000-06-29
3660,2000-06-30
5310,2007-10-12
5309,2007-10-11
5311,2007-10-15
5312,2007-10-16
5313,2007-10-17
5314,2007-10-18
5315,2007-10-19
3556,2000-02-07
3125,1998-03-13
5316,2007-10-22
3557,2000-02-08
3558,2000-02-09
3559,2000-02-10
5318,2007-10-24
3560,2000-02-11
3561,2000-02-14
3562,2000-02-15
3563,2000-02-16
3564,2000-02-17
3130,1998-03-20
3565,2000-02-18
5320,2007-10-26
5317,2007-10-23
5319,2007-10-25
3446,1999-09-06
4344,2003-06-19
5321,2007-10-29
5322,2007-10-30
3483,1999-10-27
3484,1999-10-28
3131,1998-03-23
3485,1999-10-29
5323,2007-10-31
5324,2007-11-01
3501,1999-11-22
3502,1999-11-23
3503,1999-11-24
3504,1999-11-25
3505,1999-11-26
5325,2007-11-02
5326,2007-11-05
3132,1998-03-24
5328,2007-11-07
3506,1999-11-29
5327,2007-11-06
5329,2007-11-08
3507,1999-11-30
3508,1999-12-01
3509,1999-12-02
3510,1999-12-03
3511,1999-12-06
3512,1999-12-07
3133,1998-03-25
5330,2007-11-09
5331,2007-11-12
5332,2007-11-13
5333,2007-11-14
5334,2007-11-15
5335,2007-11-16
3513,1999-12-08
3514,1999-12-09
3515,1999-12-10
3516,1999-12-13
3134,1998-03-26
3517,1999-12-14
3518,1999-12-15
3519,1999-12-16
3520,1999-12-17
3521,1999-12-20
3522,1999-12-21
3523,1999-12-22
3524,1999-12-23
3525,1999-12-24
2776,1996-09-30
4733,2005-03-16
2777,1996-10-01
5336,2007-11-19
5337,2007-11-20
5338,2007-11-21
5339,2007-11-22
2778,1996-10-02
2779,1996-10-03
2780,1996-10-04
5340,2007-11-23
5341,2007-11-26
4617,2004-10-05
2876,1997-02-17
5342,2007-11-27
5343,2007-11-28
5344,2007-11-29
4202,2002-12-03
5345,2007-11-30
367,1986-02-04
2781,1996-10-07
5346,2007-12-03
3736,2000-11-27
3737,2000-11-28
4734,2005-03-17
3738,2000-11-29
3739,2000-11-30
3740,2000-12-01
3741,2000-12-04
3742,2000-12-05
3743,2000-12-06
3744,2000-12-07
3745,2000-12-08
3746,2000-12-11
3747,2000-12-12
2934,1997-05-08
3748,2000-12-13
3749,2000-12-14
5347,2007-12-04
5348,2007-12-05
5349,2007-12-06
5350,2007-12-07
5351,2007-12-10
5352,2007-12-11
5353,2007-12-12
5354,2007-12-13
2935,1997-05-09
5355,2007-12-14
5356,2007-12-17
3750,2000-12-15
3751,2000-12-18
3752,2000-12-19
3753,2000-12-20
3754,2000-12-21
3755,2000-12-22
5357,2007-12-18
5358,2007-12-19
4558,2004-06-02
5359,2007-12-20
5360,2007-12-21
5361,2007-12-24
5362,2007-12-25
5364,2007-12-27
3761,2001-01-01
3762,2001-01-02
3763,2001-01-03
3764,2001-01-04
3765,2001-01-05
4735,2005-03-18
3766,2001-01-08
3767,2001-01-09
5365,2007-12-28
5363,2007-12-26
3768,2001-01-10
3769,2001-01-11
3770,2001-01-12
3771,2001-01-15
3772,2001-01-16
3773,2001-01-17
2907,1997-04-01
3774,2001-01-18
5366,2007-12-31
368,1986-02-05
369,1986-02-06
370,1986-02-07
371,1986-02-10
5367,2008-01-01
5368,2008-01-02
5370,2008-01-04
5369,2008-01-03
4736,2005-03-21
5371,2008-01-07
5372,2008-01-08
5373,2008-01-09
5374,2008-01-10
5375,2008-01-11
3775,2001-01-19
3776,2001-01-22
3777,2001-01-23
3778,2001-01-24
3779,2001-01-25
3135,1998-03-27
3780,2001-01-26
3781,2001-01-29
3782,2001-01-30
5376,2008-01-14
5377,2008-01-15
5378,2008-01-16
5379,2008-01-17
5380,2008-01-18
5381,2008-01-21
5382,2008-01-22
3136,1998-03-30
3723,2000-11-08
3724,2000-11-09
3726,2000-11-13
3727,2000-11-14
3728,2000-11-15
3729,2000-11-16
3730,2000-11-17
3731,2000-11-20
3732,2000-11-21
5383,2008-01-23
4618,2004-10-06
3139,1998-04-02
5384,2008-01-24
5385,2008-01-25
5386,2008-01-28
5387,2008-01-29
5388,2008-01-30
5389,2008-01-31
5390,2008-02-01
3346,1999-03-08
3347,1999-03-09
3348,1999-03-10
3137,1998-03-31
3349,1999-03-11
3350,1999-03-12
3351,1999-03-15
3352,1999-03-16
3353,1999-03-17
3354,1999-03-18
3355,1999-03-19
3358,1999-03-24
3359,1999-03-25
3360,1999-03-26
3138,1998-04-01
5392,2008-02-05
5391,2008-02-04
5393,2008-02-06
5394,2008-02-07
5395,2008-02-08
5396,2008-02-11
5397,2008-02-12
5398,2008-02-13
3357,1999-03-23
5399,2008-02-14
4737,2005-03-22
5400,2008-02-15
3362,1999-03-30
3363,1999-03-31
3364,1999-04-01
3365,1999-04-02
3367,1999-04-06
3368,1999-04-07
3369,1999-04-08
3370,1999-04-09
3372,1999-04-13
1480,1991-01-25
3373,1999-04-14
3374,1999-04-15
3375,1999-04-16
5401,2008-02-18
5402,2008-02-19
5403,2008-02-20
5404,2008-02-21
5405,2008-02-22
5406,2008-02-25
5407,2008-02-26
4738,2005-03-23
3376,1999-04-19
3377,1999-04-20
3378,1999-04-21
3379,1999-04-22
3380,1999-04-23
3381,1999-04-26
3382,1999-04-27
5408,2008-02-27
5409,2008-02-28
5410,2008-02-29
3140,1998-04-03
5411,2008-03-03
5412,2008-03-04
5413,2008-03-05
5414,2008-03-06
5415,2008-03-07
5416,2008-03-10
5417,2008-03-11
5418,2008-03-12
5419,2008-03-13
5420,2008-03-14
4739,2005-03-24
5421,2008-03-17
5422,2008-03-18
5423,2008-03-19
5424,2008-03-20
5425,2008-03-21
5426,2008-03-24
5427,2008-03-25
5428,2008-03-26
3386,1999-05-03
5429,2008-03-27
4740,2005-03-25
3387,1999-05-04
3388,1999-05-05
5430,2008-03-28
3389,1999-05-06
3390,1999-05-07
3391,1999-05-10
3392,1999-05-11
3393,1999-05-12
3394,1999-05-13
3395,1999-05-14
3384,1999-04-29
5431,2008-03-31
5432,2008-04-01
5433,2008-04-02
5434,2008-04-03
3403,1999-05-26
3404,1999-05-27
3405,1999-05-28
5435,2008-04-04
3406,1999-05-31
3407,1999-06-01
4619,2004-10-07
2990,1997-09-05
3408,1999-06-02
3409,1999-06-03
3410,1999-06-04
3411,1999-06-07
3412,1999-06-08
3413,1999-06-09
3414,1999-06-10
3415,1999-06-11
3416,1999-06-14
3417,1999-06-15
2991,1997-09-08
5436,2008-04-07
5437,2008-04-08
5438,2008-04-09
5439,2008-04-10
5440,2008-04-11
5441,2008-04-14
5442,2008-04-15
5443,2008-04-16
3418,1999-06-16
3419,1999-06-17
4741,2005-03-28
3420,1999-06-18
3421,1999-06-21
5444,2008-04-17
3422,1999-06-22
3423,1999-06-23
3424,1999-06-24
3425,1999-06-25
3431,1999-07-05
3432,1999-07-06
3433,1999-07-07
4742,2005-03-29
5445,2008-04-18
5446,2008-04-21
3434,1999-07-08
3435,1999-07-09
5447,2008-04-22
3158,1998-04-29
2572,1995-11-07
5448,2008-04-23
5449,2008-04-24
5450,2008-04-25
2992,1997-09-09
3436,1999-07-12
3437,1999-07-13
3438,1999-07-14
3439,1999-07-15
3440,1999-07-16
3441,1999-07-19
3442,1999-07-20
3443,1999-07-21
5451,2008-04-28
5452,2008-04-29
4743,2005-03-30
5453,2008-04-30
5454,2008-05-01
5455,2008-05-02
5456,2008-05-05
5457,2008-05-06
5458,2008-05-07
3336,1999-02-22
3337,1999-02-23
3338,1999-02-24
3339,1999-02-25
276,1985-09-30
3341,1999-03-01
3342,1999-03-02
3343,1999-03-03
3344,1999-03-04
3345,1999-03-05
5459,2008-05-08
5460,2008-05-09
5461,2008-05-12
5462,2008-05-13
5463,2008-05-14
2993,1997-09-10
5464,2008-05-15
5465,2008-05-16
3486,1999-11-01
3487,1999-11-02
3488,1999-11-03
3489,1999-11-04
3490,1999-11-05
3491,1999-11-08
3492,1999-11-09
3493,1999-11-10
4744,2005-03-31
3494,1999-11-11
3495,1999-11-12
502,1986-11-11
5466,2008-05-19
5467,2008-05-20
4590,2004-07-16
5468,2008-05-21
5470,2008-05-23
5469,2008-05-22
5471,2008-05-26
2994,1997-09-11
3496,1999-11-15
5472,2008-05-27
5473,2008-05-28
3447,1999-09-07
3448,1999-09-08
5474,2008-05-29
3449,1999-09-09
5475,2008-05-30
3450,1999-09-10
3497,1999-11-16
4620,2004-10-08
4745,2005-04-01
5476,2008-06-02
5477,2008-06-03
3498,1999-11-17
3499,1999-11-18
5478,2008-06-04
3500,1999-11-19
5479,2008-06-05
5480,2008-06-06
5481,2008-06-09
5482,2008-06-10
278,1985-10-02
5483,2008-06-11
5485,2008-06-13
5484,2008-06-12
3042,1997-11-18
5486,2008-06-16
5487,2008-06-17
5488,2008-06-18
5489,2008-06-19
5490,2008-06-20
3156,1998-04-27
3385,1999-04-30
3157,1998-04-28
5491,2008-06-23
3159,1998-04-30
3160,1998-05-01
5492,2008-06-24
5493,2008-06-25
5494,2008-06-26
3161,1998-05-04
3162,1998-05-05
3163,1998-05-06
2986,1997-09-01
3164,1998-05-07
3165,1998-05-08
3166,1998-05-11
3167,1998-05-12
3168,1998-05-13
3169,1998-05-14
3170,1998-05-15
5495,2008-06-27
5496,2008-06-30
5497,2008-07-01
2987,1997-09-02
1837,1992-09-08
5498,2008-07-02
5499,2008-07-03
5500,2008-07-04
5501,2008-07-07
2515,1995-07-07
5502,2008-07-08
3041,1997-11-17
5503,2008-07-09
3043,1997-11-19
4746,2005-04-04
3044,1997-11-20
3045,1997-11-21
5505,2008-07-11
5504,2008-07-10
2346,1994-11-14
508,1986-11-19
2347,1994-11-15
2348,1994-11-16
2351,1994-11-21
5506,2008-07-14
2988,1997-09-03
5507,2008-07-15
5508,2008-07-16
2576,1995-11-13
2577,1995-11-14
2578,1995-11-15
5509,2008-07-17
5510,2008-07-18
2579,1995-11-16
2580,1995-11-17
2581,1995-11-20
2989,1997-09-04
2583,1995-11-22
1856,1992-10-05
1851,1992-09-28
5511,2008-07-21
5512,2008-07-22
1634,1991-10-10
5513,2008-07-23
4142,2002-09-10
4143,2002-09-11
5514,2008-07-24
4747,2005-04-05
4144,2002-09-12
5515,2008-07-25
4145,2002-09-13
758,1987-12-16
759,1987-12-17
1605,1991-07-19
1875,1992-10-30
4151,2002-09-23
4538,2004-05-05
4152,2002-09-24
4748,2005-04-06
4539,2004-05-06
4153,2002-09-25
4154,2002-09-26
4155,2002-09-27
4540,2004-05-07
4156,2002-09-30
4157,2002-10-01
4158,2002-10-02
4159,2002-10-03
4160,2002-10-04
4621,2004-10-11
4749,2005-04-07
4161,2002-10-07
4541,2004-05-10
4542,2004-05-11
4543,2004-05-12
4162,2002-10-08
4163,2002-10-09
4544,2004-05-13
4164,2002-10-10
4545,2004-05-14
4165,2002-10-11
2850,1997-01-10
4166,2002-10-14
4167,2002-10-15
4168,2002-10-16
1193,1989-11-08
4546,2004-05-17
4196,2002-11-25
4197,2002-11-26
2946,1997-05-26
4169,2002-10-17
4170,2002-10-18
4750,2005-04-08
4171,2002-10-21
4172,2002-10-22
1932,1993-01-19
4173,2002-10-23
4174,2002-10-24
4175,2002-10-25
4176,2002-10-28
4177,2002-10-29
4178,2002-10-30
4179,2002-10-31
1558,1991-05-15
4180,2002-11-01
4181,2002-11-04
4182,2002-11-05
4183,2002-11-06
4184,2002-11-07
4185,2002-11-08
4547,2004-05-18
4548,2004-05-19
4549,2004-05-20
4550,2004-05-21
1239,1990-01-11
4551,2004-05-24
4552,2004-05-25
4553,2004-05-26
4554,2004-05-27
4555,2004-05-28
4556,2004-05-31
4557,2004-06-01
2512,1995-07-04
2513,1995-07-05
2514,1995-07-06
1240,1990-01-12
4321,2003-05-19
4322,2003-05-20
4323,2003-05-21
4324,2003-05-22
1685,1991-12-20
4325,2003-05-23
4326,2003-05-26
4327,2003-05-27
4328,2003-05-28
4329,2003-05-29
4751,2005-04-11
4330,2003-05-30
4331,2003-06-02
4332,2003-06-03
4333,2003-06-04
4334,2003-06-05
4335,2003-06-06
4336,2003-06-09
4337,2003-06-10
4338,2003-06-11
4339,2003-06-12
4752,2005-04-12
4342,2003-06-17
4343,2003-06-18
5516,2008-09-08
5517,2008-09-09
5518,2008-09-10
4571,2004-06-21
5519,2008-09-11
5520,2008-09-12
4572,2004-06-22
5521,2008-09-15
4753,2005-04-13
5522,2008-09-16
5523,2008-09-17
4573,2004-06-23
4574,2004-06-24
4575,2004-06-25
5525,2008-09-19
5524,2008-09-18
4576,2004-06-28
5526,2008-09-22
5527,2008-09-23
2957,1997-06-10
5528,2008-09-24
5530,2008-09-26
5529,2008-09-25
4577,2004-06-29
4578,2004-06-30
4579,2004-07-01
4580,2004-07-02
4581,2004-07-05
5531,2008-09-29
4582,2004-07-06
4622,2004-10-12
3581,2000-03-13
4583,2004-07-07
5532,2008-09-30
5533,2008-10-01
4584,2004-07-08
4585,2004-07-09
4586,2004-07-12
5534,2008-10-02
5535,2008-10-03
2055,1993-07-09
5536,2008-10-06
4754,2005-04-14
5537,2008-10-07
4345,2003-06-20
4346,2003-06-23
4347,2003-06-24
4348,2003-06-25
4349,2003-06-26
4350,2003-06-27
4351,2003-06-30
4352,2003-07-01
4353,2003-07-02
4756,2005-04-18
5538,2008-10-08
4587,2004-07-13
4588,2004-07-14
4589,2004-07-15
5539,2008-10-09
5540,2008-10-10
2541,1995-09-25
5541,2008-10-13
5542,2008-10-14
4591,2004-07-19
4755,2005-04-15
4592,2004-07-20
4593,2004-07-21
4594,2004-07-22
5543,2008-10-15
5544,2008-10-16
1639,1991-10-17
5545,2008-10-17
5546,2008-10-20
4356,2003-07-07
4357,2003-07-08
1630,1991-10-04
4358,2003-07-09
4359,2003-07-10
4360,2003-07-11
4361,2003-07-14
4362,2003-07-15
4363,2003-07-16
4364,2003-07-17
5547,2008-10-21
5548,2008-10-22
5549,2008-10-23
1474,1991-01-17
5550,2008-10-24
2543,1995-09-27
5551,2008-10-27
5552,2008-10-28
5553,2008-10-29
5554,2008-10-30
5555,2008-10-31
5556,2008-11-03
5557,2008-11-04
5558,2008-11-05
3401,1999-05-24
5559,2008-11-06
2762,1996-09-10
5560,2008-11-07
2785,1996-10-11
4299,2003-04-17
4300,2003-04-18
4301,2003-04-21
4302,2003-04-22
4303,2003-04-23
4304,2003-04-24
3173,1998-05-20
4305,2003-04-25
5561,2008-11-10
5562,2008-11-11
5563,2008-11-12
5565,2008-11-14
4281,2003-03-24
4282,2003-03-25
4283,2003-03-26
4284,2003-03-27
4285,2003-03-28
3402,1999-05-25
4286,2003-03-31
4287,2003-04-01
4288,2003-04-02
4289,2003-04-03
4290,2003-04-04
4291,2003-04-07
4292,2003-04-08
4293,2003-04-09
5564,2008-11-13
5566,2008-11-17
4757,2005-04-19
5567,2008-11-18
5568,2008-11-19
5570,2008-11-21
5569,2008-11-20
5571,2008-11-24
5572,2008-11-25
5573,2008-11-26
4265,2003-02-28
4266,2003-03-03
4267,2003-03-04
4623,2004-10-13
3096,1998-02-02
4268,2003-03-05
4269,2003-03-06
4270,2003-03-07
4271,2003-03-10
4272,2003-03-11
4273,2003-03-12
4274,2003-03-13
4275,2003-03-14
4276,2003-03-17
4277,2003-03-18
4758,2005-04-20
4278,2003-03-19
5575,2008-11-28
5574,2008-11-27
475,1986-10-03
5576,2008-12-01
5577,2008-12-02
5578,2008-12-03
5580,2008-12-05
5579,2008-12-04
5581,2008-12-08
4759,2005-04-21
5582,2008-12-09
5583,2008-12-10
5584,2008-12-11
5585,2008-12-12
5586,2008-12-15
5587,2008-12-16
5588,2008-12-17
5589,2008-12-18
4261,2003-02-24
4262,2003-02-25
3097,1998-02-03
4263,2003-02-26
4264,2003-02-27
5590,2008-12-19
5591,2008-12-22
5592,2008-12-23
5593,2008-12-24
5594,2008-12-25
5595,2008-12-26
4239,2003-01-23
4240,2003-01-24
4760,2005-04-22
4241,2003-01-27
4242,2003-01-28
4243,2003-01-29
4244,2003-01-30
4245,2003-01-31
4256,2003-02-17
4257,2003-02-18
4258,2003-02-19
4259,2003-02-20
4260,2003-02-21
1887,1992-11-17
5596,2008-12-29
5597,2008-12-30
5598,2008-12-31
5599,2009-01-01
5600,2009-01-02
5601,2009-01-05
5602,2009-01-06
5603,2009-01-07
5604,2009-01-08
5605,2009-01-09
3098,1998-02-04
4232,2003-01-14
4233,2003-01-15
4234,2003-01-16
4235,2003-01-17
4236,2003-01-20
4237,2003-01-21
4238,2003-01-22
786,1988-01-25
5606,2009-01-12
5607,2009-01-13
4761,2005-04-25
2806,1996-11-11
5608,2009-01-14
5609,2009-01-15
5610,2009-01-16
5611,2009-01-19
4209,2002-12-12
4210,2002-12-13
4211,2002-12-16
4212,2002-12-17
4213,2002-12-18
4762,2005-04-26
4214,2002-12-19
4215,2002-12-20
5612,2009-01-20
5613,2009-01-21
5615,2009-01-23
5614,2009-01-22
5616,2009-01-26
5617,2009-01-27
4216,2002-12-23
4217,2002-12-24
4763,2005-04-27
4218,2002-12-25
5618,2009-01-28
5619,2009-01-29
4219,2002-12-26
4220,2002-12-27
4221,2002-12-30
5620,2009-01-30
5621,2009-02-02
5622,2009-02-03
4222,2002-12-31
4624,2004-10-14
2582,1995-11-21
4223,2003-01-01
4224,2003-01-02
4225,2003-01-03
4231,2003-01-13
5623,2009-02-04
5624,2009-02-05
5625,2009-02-06
4471,2004-02-02
5626,2009-02-09
5627,2009-02-10
4764,2005-04-28
4204,2002-12-05
4205,2002-12-06
4206,2002-12-09
4207,2002-12-10
4208,2002-12-11
5628,2009-02-11
5629,2009-02-12
5630,2009-02-13
4246,2003-02-03
4247,2003-02-04
3101,1998-02-09
4248,2003-02-05
4249,2003-02-06
4250,2003-02-07
4251,2003-02-10
4252,2003-02-11
4253,2003-02-12
4254,2003-02-13
4255,2003-02-14
5631,2009-02-16
5632,2009-02-17
4765,2005-04-29
5633,2009-02-18
5634,2009-02-19
5635,2009-02-20
464,1986-09-18
5636,2009-02-23
5637,2009-02-24
5638,2009-02-25
5639,2009-02-26
5640,2009-02-27
5641,2009-03-02
279,1985-10-03
5642,2009-03-03
4186,2002-11-11
4187,2002-11-12
4188,2002-11-13
4189,2002-11-14
4190,2002-11-15
4191,2002-11-18
4192,2002-11-19
4193,2002-11-20
4194,2002-11-21
277,1985-10-01
4195,2002-11-22
5643,2009-03-04
5644,2009-03-05
5645,2009-03-06
5646,2009-03-09
5648,2009-03-11
5647,2009-03-10
5649,2009-03-12
5650,2009-03-13
5651,2009-03-16
3944,2001-10-25
5652,2009-03-17
5653,2009-03-18
5654,2009-03-19
5655,2009-03-20
1862,1992-10-13
5656,2009-03-23
5657,2009-03-24
5658,2009-03-25
5660,2009-03-27
5659,2009-03-26
280,1985-10-04
5661,2009-03-30
5662,2009-03-31
5663,2009-04-01
5664,2009-04-02
5665,2009-04-03
5666,2009-04-06
5667,2009-04-07
5668,2009-04-08
5669,2009-04-09
5670,2009-04-10
4766,2005-05-02
5671,2009-04-13
5672,2009-04-14
5673,2009-04-15
5674,2009-04-16
5675,2009-04-17
5676,2009-04-20
5677,2009-04-21
5678,2009-04-22
5679,2009-04-23
5680,2009-04-24
3624,2000-05-11
5681,2009-04-27
5682,2009-04-28
5683,2009-04-29
5684,2009-04-30
5685,2009-05-01
3427,1999-06-29
3428,1999-06-30
3429,1999-07-01
3430,1999-07-02
5686,2009-05-04
4598,2004-09-08
4625,2004-10-15
4767,2005-05-03
5687,2009-05-05
5688,2009-05-06
5689,2009-05-07
5690,2009-05-08
5691,2009-05-11
5692,2009-05-12
5693,2009-05-13
5694,2009-05-14
5695,2009-05-15
2807,1996-11-12
4768,2005-05-04
2808,1996-11-13
2809,1996-11-14
5696,2009-05-18
2810,1996-11-15
5697,2009-05-19
4393,2003-10-15
5698,2009-05-20
5700,2009-05-22
5699,2009-05-21
5701,2009-05-25
2349,1994-11-17
2926,1997-04-28
5702,2009-05-26
2927,1997-04-29
2928,1997-04-30
5703,2009-05-27
2929,1997-05-01
2930,1997-05-02
5705,2009-05-29
5704,2009-05-28
3396,1999-05-17
2350,1994-11-18
5706,2009-06-01
3397,1999-05-18
3398,1999-05-19
5707,2009-06-02
3399,1999-05-20
3400,1999-05-21
5708,2009-06-03
3371,1999-04-12
5710,2009-06-05
5709,2009-06-04
4769,2005-05-05
5711,2009-06-08
3366,1999-04-05
3361,1999-03-29
5712,2009-06-09
5713,2009-06-10
3356,1999-03-22
5714,2009-06-11
838,1988-04-06
5715,2009-06-12
3786,2001-02-05
4770,2005-05-06
2251,1994-05-23
306,1985-11-11
3787,2001-02-06
307,1985-11-12
5716,2009-06-15
662,1987-06-23
3788,2001-02-07
5717,2009-06-16
3789,2001-02-08
5718,2009-06-17
1886,1992-11-16
308,1985-11-13
309,1985-11-14
310,1985-11-15
5720,2009-06-19
4226,2003-01-06
311,1985-11-18
4229,2003-01-09
312,1985-11-19
5721,2009-06-22
313,1985-11-20
2571,1995-11-06
5719,2009-06-18
5722,2009-06-23
5723,2009-06-24
4146,2002-09-16
4147,2002-09-17
4149,2002-09-19
5725,2009-06-26
5724,2009-06-25
5726,2009-06-29
5727,2009-06-30
2353,1994-11-23
5728,2009-07-01
4150,2002-09-20
5729,2009-07-02
5730,2009-07-03
4457,2004-01-13
5731,2009-07-06
5732,2009-07-07
5733,2009-07-08
4306,2003-04-28
4307,2003-04-29
4771,2005-05-09
5734,2009-07-09
4308,2003-04-30
4310,2003-05-02
5735,2009-07-10
2236,1994-05-02
5736,2009-07-13
5737,2009-07-14
3696,2000-10-02
5738,2009-07-15
3698,2000-10-04
4626,2004-10-18
4772,2005-05-10
5739,2009-07-16
3699,2000-10-05
5740,2009-07-17
3700,2000-10-06
5741,2009-07-20
3757,2000-12-26
5742,2009-07-21
3756,2000-12-25
5743,2009-07-22
5744,2009-07-23
4773,2005-05-11
5745,2009-07-24
3758,2000-12-27
3759,2000-12-28
3760,2000-12-29
3185,1998-06-05
4519,2004-04-08
3090,1998-01-23
606,1987-04-06
607,1987-04-07
4398,2003-10-22
4774,2005-05-12
2631,1996-01-29
4399,2003-10-23
4394,2003-10-16
4395,2003-10-17
4411,2003-11-10
4417,2003-11-18
4396,2003-10-20
4397,2003-10-21
4388,2003-10-08
4389,2003-10-09
4775,2005-05-13
4390,2003-10-10
4391,2003-10-13
4392,2003-10-14
4451,2004-01-05
4452,2004-01-06
5746,2009-09-14
4453,2004-01-07
5747,2009-09-15
4454,2004-01-08
5748,2009-09-16
4776,2005-05-16
4455,2004-01-09
5749,2009-09-17
4456,2004-01-12
5750,2009-09-18
4458,2004-01-14
5751,2009-09-21
5752,2009-09-22
4514,2004-04-01
5753,2009-09-23
4515,2004-04-02
1740,1992-03-06
5754,2009-09-24
5755,2009-09-25
5756,2009-09-28
5757,2009-09-29
4516,2004-04-05
5758,2009-09-30
4517,2004-04-06
4518,2004-04-07
5759,2009-10-01
5760,2009-10-02
1739,1992-03-05
4520,2004-04-09
5761,2009-10-05
4521,2004-04-12
4522,2004-04-13
5762,2009-10-06
5763,2009-10-07
4523,2004-04-14
4524,2004-04-15
5764,2009-10-08
5765,2009-10-09
1790,1992-05-15
4525,2004-04-16
5766,2009-10-12
4526,2004-04-19
5767,2009-10-13
4527,2004-04-20
4528,2004-04-21
5768,2009-10-14
4529,2004-04-22
5769,2009-10-15
5770,2009-10-16
3725,2000-11-10
4530,2004-04-23
5771,2009-10-19
4531,2004-04-26
4532,2004-04-27
5772,2009-10-20
5773,2009-10-21
4533,2004-04-28
4534,2004-04-29
4535,2004-04-30
5774,2009-10-22
1882,1992-11-10
5775,2009-10-23
4536,2004-05-03
4537,2004-05-04
5776,2009-10-26
5777,2009-10-27
5778,2009-10-28
5779,2009-10-29
5780,2009-10-30
5781,2009-11-02
4459,2004-01-15
4627,2004-10-19
1789,1992-05-14
5782,2009-11-03
5783,2009-11-04
4460,2004-01-16
5784,2009-11-05
5785,2009-11-06
4461,2004-01-19
5786,2009-11-09
4462,2004-01-20
4463,2004-01-21
5787,2009-11-10
4777,2005-05-17
5788,2009-11-11
4464,2004-01-22
5789,2009-11-12
5790,2009-11-13
4465,2004-01-23
5791,2009-11-16
4466,2004-01-26
5792,2009-11-17
4467,2004-01-27
5793,2009-11-18
4778,2005-05-18
4468,2004-01-28
4469,2004-01-29
5794,2009-11-19
5795,2009-11-20
5796,2009-11-23
4470,2004-01-30
5797,2009-11-24
5798,2009-11-25
5799,2009-11-26
5800,2009-11-27
4779,2005-05-19
4472,2004-02-03
5801,2009-11-30
5802,2009-12-01
4473,2004-02-04
5803,2009-12-02
5804,2009-12-03
4474,2004-02-05
5805,2009-12-04
4475,2004-02-06
5806,2009-12-07
4780,2005-05-20
5807,2009-12-08
4486,2004-02-23
5808,2009-12-09
4487,2004-02-24
5809,2009-12-10
4488,2004-02-25
5810,2009-12-11
4489,2004-02-26
4490,2004-02-27
5813,2009-12-16
3949,2001-11-01
5814,2009-12-17
4491,2004-03-01
5815,2009-12-18
5811,2009-12-14
5812,2009-12-15
5816,2009-12-21
5817,2009-12-22
5819,2009-12-24
5818,2009-12-23
5820,2009-12-25
3950,2001-11-02
4492,2004-03-02
5821,2009-12-28
4493,2004-03-03
5822,2009-12-29
5823,2009-12-30
5824,2009-12-31
5825,2010-01-01
4494,2004-03-04
5826,2010-01-04
5827,2010-01-05
3948,2001-10-31
4495,2004-03-05
5828,2010-01-06
4496,2004-03-08
5829,2010-01-07
5830,2010-01-08
5831,2010-01-11
4497,2004-03-09
5832,2010-01-12
4498,2004-03-10
5833,2010-01-13
4781,2005-05-23
5834,2010-01-14
4499,2004-03-11
5835,2010-01-15
5836,2010-01-18
4500,2004-03-12
5837,2010-01-19
4501,2004-03-15
5838,2010-01-20
5839,2010-01-21
4502,2004-03-16
4782,2005-05-24
5840,2010-01-22
5841,2010-01-25
4503,2004-03-17
5842,2010-01-26
4504,2004-03-18
5843,2010-01-27
5844,2010-01-28
4505,2004-03-19
5845,2010-01-29
4506,2004-03-22
4628,2004-10-20
4783,2005-05-25
5846,2010-02-01
5847,2010-02-02
4507,2004-03-23
5848,2010-02-03
4508,2004-03-24
5849,2010-02-04
5850,2010-02-05
5851,2010-02-08
4509,2004-03-25
5852,2010-02-09
1175,1989-10-13
4510,2004-03-26
5853,2010-02-10
5854,2010-02-11
4511,2004-03-29
5855,2010-02-12
4512,2004-03-30
4513,2004-03-31
5856,2010-02-15
5857,2010-02-16
5858,2010-02-17
1881,1992-11-09
4367,2003-09-09
5859,2010-02-18
5860,2010-02-19
5861,2010-02-22
4368,2003-09-10
5862,2010-02-23
4369,2003-09-11
5863,2010-02-24
5864,2010-02-25
5865,2010-02-26
1883,1992-11-11
1873,1992-10-28
5866,2010-03-01
5867,2010-03-02
5868,2010-03-03
5869,2010-03-04
5870,2010-03-05
1874,1992-10-29
5871,2010-03-08
5872,2010-03-09
5873,2010-03-10
4784,2005-05-26
5874,2010-03-11
5875,2010-03-12
4380,2003-09-26
5876,2010-03-15
5877,2010-03-16
5878,2010-03-17
5879,2010-03-18
5880,2010-03-19
5881,2010-03-22
5882,2010-03-23
1885,1992-11-13
5883,2010-03-24
5884,2010-03-25
5885,2010-03-26
5886,2010-03-29
5887,2010-03-30
5888,2010-03-31
5889,2010-04-01
5890,2010-04-02
5891,2010-04-05
5892,2010-04-06
1945,1993-02-05
5893,2010-04-07
5894,2010-04-08
5895,2010-04-09
5896,2010-04-12
5897,2010-04-13
5898,2010-04-14
5899,2010-04-15
5900,2010-04-16
5901,2010-04-19
5902,2010-04-20
4785,2005-05-27
5903,2010-04-21
5904,2010-04-22
5905,2010-04-23
1984,1993-04-01
1985,1993-04-02
5906,2010-04-26
5907,2010-04-27
446,1986-05-26
5908,2010-04-28
5909,2010-04-29
9,1984-09-20
5910,2010-04-30
5911,2010-05-03
1983,1993-03-31
5912,2010-05-04
5914,2010-05-06
5913,2010-05-05
5915,2010-05-07
5916,2010-05-10
5917,2010-05-11
5918,2010-05-12
10,1984-09-21
5919,2010-05-13
5920,2010-05-14
5921,2010-05-17
5922,2010-05-18
5923,2010-05-19
5924,2010-05-20
5925,2010-05-21
5926,2010-05-24
5927,2010-05-25
5928,2010-05-26
4629,2004-10-21
11,1984-09-24
5929,2010-05-27
5930,2010-05-28
5931,2010-05-31
5932,2010-06-01
5933,2010-06-02
5934,2010-06-03
5935,2010-06-04
5936,2010-06-07
5937,2010-06-08
839,1988-04-07
12,1984-09-25
5938,2010-06-09
5939,2010-06-10
5940,2010-06-11
5941,2010-06-14
5942,2010-06-15
5943,2010-06-16
5944,2010-06-17
5945,2010-06-18
5946,2010-06-21
5947,2010-06-22
4079,2002-05-02
5948,2010-06-23
5949,2010-06-24
5950,2010-06-25
5951,2010-06-28
5952,2010-06-29
5953,2010-06-30
5954,2010-07-01
5955,2010-07-02
5956,2010-07-05
2758,1996-09-04
1888,1992-11-18
5957,2010-07-06
5958,2010-07-07
5959,2010-07-08
5960,2010-07-09
5961,2010-07-12
5962,2010-07-13
538,1986-12-31
5963,2010-07-14
5964,2010-07-15
5965,2010-07-16
13,1984-09-26
5966,2010-07-19
5967,2010-07-20
5968,2010-07-21
5969,2010-07-22
5970,2010-07-23
5971,2010-07-26
5972,2010-07-27
5974,2010-07-29
5975,2010-07-30
5973,2010-07-28
14,1984-09-27
897,1988-06-28
902,1988-07-05
1376,1990-09-03
2341,1994-11-07
484,1986-10-16
663,1987-06-24
2595,1995-12-08
2378,1994-12-28
5976,2010-09-13
5977,2010-09-14
4786,2005-05-30
5978,2010-09-15
5979,2010-09-16
5980,2010-09-17
5981,2010-09-20
5982,2010-09-21
5983,2010-09-22
5985,2010-09-24
5984,2010-09-23
5986,2010-09-27
5987,2010-09-28
56,1984-11-26
5988,2010-09-29
5989,2010-09-30
5990,2010-10-01
5991,2010-10-04
5992,2010-10-05
5993,2010-10-06
5994,2010-10-07
5995,2010-10-08
5996,2010-10-11
5997,2010-10-12
57,1984-11-27
5998,2010-10-13
5999,2010-10-14
6000,2010-10-15
6001,2010-10-18
6002,2010-10-19
6003,2010-10-20
6004,2010-10-21
6005,2010-10-22
6006,2010-10-25
6007,2010-10-26
1147,1989-09-05
6008,2010-10-27
6009,2010-10-28
6010,2010-10-29
6011,2010-11-01
6012,2010-11-02
6013,2010-11-03
6015,2010-11-05
6014,2010-11-04
6016,2010-11-08
6017,2010-11-09
4630,2004-10-22
4787,2005-05-31
6018,2010-11-10
482,1986-10-14
6019,2010-11-11
6020,2010-11-12
6021,2010-11-15
6022,2010-11-16
6024,2010-11-18
6023,2010-11-17
6025,2010-11-19
2821,1996-12-02
1150,1989-09-08
6026,2010-11-22
6027,2010-11-23
3012,1997-10-07
6028,2010-11-24
3013,1997-10-08
6030,2010-11-26
6029,2010-11-25
6031,2010-11-29
6032,2010-11-30
6033,2010-12-01
58,1984-11-28
6034,2010-12-02
6035,2010-12-03
6036,2010-12-06
6037,2010-12-07
6038,2010-12-08
6039,2010-12-09
6040,2010-12-10
6041,2010-12-13
6042,2010-12-14
6043,2010-12-15
59,1984-11-29
6044,2010-12-16
6045,2010-12-17
6046,2010-12-20
6047,2010-12-21
6048,2010-12-22
6049,2010-12-23
6050,2010-12-24
6051,2010-12-27
6052,2010-12-28
6055,2010-12-31
61,1984-12-03
6053,2010-12-29
6054,2010-12-30
6056,2011-01-03
6057,2011-01-04
6058,2011-01-05
6060,2011-01-07
6059,2011-01-06
6062,2011-01-11
6061,2011-01-10
6063,2011-01-12
62,1984-12-04
6065,2011-01-14
6064,2011-01-13
2757,1996-09-03
6066,2011-01-17
6067,2011-01-18
6068,2011-01-19
6069,2011-01-20
6070,2011-01-21
6071,2011-01-24
6072,2011-01-25
63,1984-12-05
6073,2011-01-26
6075,2011-01-28
6074,2011-01-27
6076,2011-01-31
6077,2011-02-01
6078,2011-02-02
6080,2011-02-04
6079,2011-02-03
528,1986-12-17
6081,2011-02-07
4788,2005-06-01
6082,2011-02-08
6083,2011-02-09
6084,2011-02-10
1002,1989-01-03
6085,2011-02-11
6086,2011-02-14
6087,2011-02-15
6088,2011-02-16
6089,2011-02-17
6090,2011-02-18
1158,1989-09-20
6091,2011-02-21
6092,2011-02-22
6093,2011-02-23
6094,2011-02-24
6095,2011-02-25
958,1988-11-02
6096,2011-02-28
6097,2011-03-01
6098,2011-03-02
6100,2011-03-04
64,1984-12-06
6099,2011-03-03
6102,2011-03-08
6101,2011-03-07
6103,2011-03-09
6104,2011-03-10
2039,1993-06-17
6105,2011-03-11
6106,2011-03-14
6107,2011-03-15
6108,2011-03-16
4631,2004-10-25
65,1984-12-07
6109,2011-03-17
4370,2003-09-12
6110,2011-03-18
1214,1989-12-07
6111,2011-03-21
6112,2011-03-22
6113,2011-03-23
6114,2011-03-24
6115,2011-03-25
6116,2011-03-28
66,1984-12-10
6117,2011-03-29
6118,2011-03-30
6120,2011-04-01
6119,2011-03-31
6121,2011-04-04
6122,2011-04-05
6123,2011-04-06
6124,2011-04-07
6125,2011-04-08
6126,2011-04-11
67,1984-12-11
6127,2011-04-12
6128,2011-04-13
6129,2011-04-14
6130,2011-04-15
6131,2011-04-18
2143,1993-12-22
6132,2011-04-19
6133,2011-04-20
6134,2011-04-21
6135,2011-04-22
68,1984-12-12
6136,2011-04-25
6137,2011-04-26
6138,2011-04-27
6140,2011-04-29
6139,2011-04-28
6141,2011-05-02
6142,2011-05-03
6143,2011-05-04
6145,2011-05-06
6144,2011-05-05
1162,1989-09-26
6146,2011-05-09
6147,2011-05-10
6148,2011-05-11
6149,2011-05-12
6150,2011-05-13
6151,2011-05-16
6152,2011-05-17
6153,2011-05-18
6154,2011-05-19
6155,2011-05-20
4139,2002-09-05
6156,2011-05-23
6157,2011-05-24
6158,2011-05-25
6160,2011-05-27
6159,2011-05-26
6161,2011-05-30
6162,2011-05-31
6163,2011-06-01
6164,2011-06-02
6165,2011-06-03
4789,2005-06-02
6166,2011-06-06
6167,2011-06-07
6168,2011-06-08
6169,2011-06-09
6170,2011-06-10
501,1986-11-10
503,1986-11-12
6172,2011-06-14
6171,2011-06-13
6173,2011-06-15
4140,2002-09-06
504,1986-11-13
505,1986-11-14
6174,2011-06-16
6175,2011-06-17
506,1986-11-17
6176,2011-06-20
507,1986-11-18
6177,2011-06-21
6178,2011-06-22
1655,1991-11-08
110,1985-02-08
1656,1991-11-11
1657,1991-11-12
6180,2011-06-24
1658,1991-11-13
6179,2011-06-23
6181,2011-06-27
6182,2011-06-28
6183,2011-06-29
6184,2011-06-30
6185,2011-07-01
1164,1989-09-28
6186,2011-07-04
6187,2011-07-05
6188,2011-07-06
6189,2011-07-07
6190,2011-07-08
6191,2011-07-11
6192,2011-07-12
6193,2011-07-13
6195,2011-07-15
6194,2011-07-14
4632,2004-10-26
4790,2005-06-03
6196,2011-07-18
6197,2011-07-19
6198,2011-07-20
1237,1990-01-09
6199,2011-07-21
1238,1990-01-10
6200,2011-07-22
6201,2011-07-25
6202,2011-07-26
6203,2011-07-27
2815,1996-11-22
3203,1998-07-01
980,1988-12-02
6204,2011-07-28
6205,2011-07-29
6206,2011-09-19
6207,2011-09-20
6208,2011-09-21
6210,2011-09-23
6209,2011-09-22
6211,2011-09-26
2817,1996-11-26
6212,2011-09-27
6213,2011-09-28
6214,2011-09-29
6215,2011-09-30
6216,2011-10-03
6217,2011-10-04
6218,2011-10-05
1799,1992-05-28
1800,1992-05-29
6220,2011-10-07
2339,1994-11-03
1905,1992-12-11
1906,1992-12-14
1907,1992-12-15
6221,2011-10-10
6222,2011-10-11
6219,2011-10-06
6223,2011-10-12
6224,2011-10-13
6225,2011-10-14
6226,2011-10-17
2340,1994-11-04
6227,2011-10-18
6228,2011-10-19
6229,2011-10-20
6230,2011-10-21
6231,2011-10-24
6232,2011-10-25
6233,2011-10-26
6234,2011-10-27
6235,2011-10-28
6236,2011-10-31
1170,1989-10-06
6237,2011-11-01
6238,2011-11-02
6239,2011-11-03
6240,2011-11-04
6241,2011-11-07
6243,2011-11-09
6242,2011-11-08
6245,2011-11-11
6244,2011-11-10
6246,2011-11-14
2816,1996-11-25
6247,2011-11-15
6248,2011-11-16
6249,2011-11-17
6250,2011-11-18
6251,2011-11-21
6252,2011-11-22
6253,2011-11-23
6255,2011-11-25
6254,2011-11-24
6256,2011-11-28
4791,2005-06-06
6257,2011-11-29
6258,2011-11-30
6260,2011-12-02
6259,2011-12-01
6261,2011-12-05
6262,2011-12-06
1177,1989-10-17
6263,2011-12-07
6264,2011-12-08
6265,2011-12-09
4792,2005-06-07
6266,2011-12-12
6267,2011-12-13
6268,2011-12-14
6269,2011-12-15
6270,2011-12-16
1908,1992-12-16
6271,2011-12-19
6272,2011-12-20
6273,2011-12-21
6274,2011-12-22
4793,2005-06-08
6275,2011-12-23
6276,2011-12-26
6277,2011-12-27
6278,2011-12-28
1178,1989-10-18
6280,2011-12-30
6279,2011-12-29
6281,2012-01-02
6282,2012-01-03
6283,2012-01-04
4633,2004-10-27
1185,1989-10-27
6284,2012-01-05
6285,2012-01-06
6286,2012-01-09
6287,2012-01-10
6288,2012-01-11
6290,2012-01-13
6291,2012-01-16
6289,2012-01-12
6292,2012-01-17
6293,2012-01-18
4794,2005-06-09
6294,2012-01-19
6295,2012-01-20
6296,2012-01-23
6297,2012-01-24
6298,2012-01-25
6299,2012-01-26
6300,2012-01-27
6302,2012-01-31
6301,2012-01-30
6303,2012-02-01
4795,2005-06-10
6304,2012-02-02
6305,2012-02-03
6306,2012-02-06
6307,2012-02-07
6308,2012-02-08
6309,2012-02-09
6310,2012-02-10
6311,2012-02-13
6312,2012-02-14
6313,2012-02-15
2811,1996-11-18
6315,2012-02-17
6314,2012-02-16
6316,2012-02-20
6317,2012-02-21
6318,2012-02-22
6319,2012-02-23
6320,2012-02-24
6321,2012-02-27
6322,2012-02-28
6323,2012-02-29
2814,1996-11-21
6325,2012-03-02
6324,2012-03-01
6333,2012-03-14
6326,2012-03-05
6327,2012-03-06
6328,2012-03-07
6330,2012-03-09
6329,2012-03-08
6331,2012-03-12
6332,2012-03-13
3899,2001-07-12
6334,2012-03-15
6335,2012-03-16
6336,2012-03-19
6337,2012-03-20
6338,2012-03-21
6339,2012-03-22
6340,2012-03-23
6341,2012-03-26
6342,2012-03-27
6343,2012-03-28
2812,1996-11-19
6344,2012-03-29
6345,2012-03-30
6346,2012-04-02
6347,2012-04-03
6348,2012-04-04
6349,2012-04-05
6350,2012-04-06
6351,2012-04-09
6352,2012-04-10
6353,2012-04-11
4796,2005-06-13
6354,2012-04-12
6355,2012-04-13
2769,1996-09-19
6356,2012-04-16
6357,2012-04-17
6358,2012-04-18
2770,1996-09-20
6360,2012-04-20
6359,2012-04-19
6361,2012-04-23
4797,2005-06-14
6362,2012-04-24
2771,1996-09-23
6363,2012-04-25
6364,2012-04-26
6365,2012-04-27
6367,2012-05-01
6366,2012-04-30
6368,2012-05-02
6369,2012-05-03
6370,2012-05-04
2813,1996-11-20
6371,2012-05-07
6372,2012-05-08
6373,2012-05-09
6375,2012-05-11
6374,2012-05-10
6376,2012-05-14
6377,2012-05-15
6378,2012-05-16
6380,2012-05-18
6381,2012-05-21
4634,2004-10-28
4798,2005-06-15
6382,2012-05-22
6379,2012-05-17
6383,2012-05-23
6384,2012-05-24
6385,2012-05-25
6386,2012-05-28
6387,2012-05-29
6388,2012-05-30
6389,2012-05-31
6390,2012-06-01
1190,1989-11-03
6391,2012-06-04
6392,2012-06-05
6393,2012-06-06
6395,2012-06-08
6394,2012-06-07
6396,2012-06-11
6397,2012-06-12
6398,2012-06-13
6400,2012-06-15
6401,2012-06-18
1191,1989-11-06
6399,2012-06-14
6402,2012-06-19
6403,2012-06-20
6404,2012-06-21
6405,2012-06-22
6406,2012-06-25
6407,2012-06-26
6408,2012-06-27
3176,1998-05-25
6409,2012-06-28
3909,2001-09-06
6410,2012-06-29
2864,1997-01-30
6411,2012-07-02
6412,2012-07-03
480,1986-10-10
6413,2012-07-04
2877,1997-02-18
6415,2012-07-06
6416,2012-07-09
6414,2012-07-05
4799,2005-06-16
478,1986-10-08
2878,1997-02-19
6417,2012-07-10
563,1987-02-04
6418,2012-07-11
6419,2012-07-12
6420,2012-07-13
1748,1992-03-18
6421,2012-07-16
2786,1996-10-14
1192,1989-11-07
6422,2012-07-17
2528,1995-09-06
328,1985-12-11
6423,2012-07-18
2112,1993-11-09
2765,1996-09-13
6424,2012-07-19
6426,2012-07-23
6425,2012-07-20
6427,2012-07-24
3190,1998-06-12
1765,1992-04-10
6428,2012-07-25
2334,1994-10-27
6430,2012-07-27
6431,2012-07-30
6432,2012-07-31
6433,2012-08-01
6435,2012-08-03
6429,2012-07-26
6434,2012-08-02
4800,2005-06-17
561,1987-02-02
6436,2012-09-17
6437,2012-09-18
6438,2012-09-19
6439,2012-09-20
6440,2012-09-21
6441,2012-09-24
6442,2012-09-25
6443,2012-09-26
6444,2012-09-27
2751,1996-07-15
6445,2012-09-28
6446,2012-10-01
6447,2012-10-02
6448,2012-10-03
6449,2012-10-04
6450,2012-10-05
6451,2012-10-08
6452,2012-10-09
6453,2012-10-10
6455,2012-10-12
2752,1996-07-16
6456,2012-10-15
6457,2012-10-16
6458,2012-10-17
6454,2012-10-11
6459,2012-10-18
6460,2012-10-19
6461,2012-10-22
6462,2012-10-23
6463,2012-10-24
6464,2012-10-25
4599,2004-09-09
4635,2004-10-29
2753,1996-07-17
6465,2012-10-26
6466,2012-10-29
6467,2012-10-30
6468,2012-10-31
6469,2012-11-01
6470,2012-11-02
6471,2012-11-05
6472,2012-11-06
6473,2012-11-07
6475,2012-11-09
4801,2005-06-20
6474,2012-11-08
6477,2012-11-13
6476,2012-11-12
6478,2012-11-14
6480,2012-11-16
6479,2012-11-15
6481,2012-11-19
6482,2012-11-20
6483,2012-11-21
6484,2012-11-22
3910,2001-09-07
6485,2012-11-23
6486,2012-11-26
6487,2012-11-27
6488,2012-11-28
6489,2012-11-29
6490,2012-11-30
6491,2012-12-03
6492,2012-12-04
6493,2012-12-05
6494,2012-12-06
3912,2001-09-11
6495,2012-12-07
6496,2012-12-10
6497,2012-12-11
6498,2012-12-12
6500,2012-12-14
6501,2012-12-17
6502,2012-12-18
6499,2012-12-13
6503,2012-12-19
6504,2012-12-20
3911,2001-09-10
6505,2012-12-21
6506,2012-12-24
6507,2012-12-25
6508,2012-12-26
6510,2012-12-28
6511,2012-12-31
6512,2013-01-01
6509,2012-12-27
6513,2013-01-02
6514,2013-01-03
4802,2005-06-21
6515,2013-01-04
6516,2013-01-07
6517,2013-01-08
6518,2013-01-09
6520,2013-01-11
6519,2013-01-10
6521,2013-01-14
6522,2013-01-15
6523,2013-01-16
6524,2013-01-17
2754,1996-07-18
6525,2013-01-18
6526,2013-01-21
6527,2013-01-22
6528,2013-01-23
6529,2013-01-24
6530,2013-01-25
6531,2013-01-28
6532,2013-01-29
6533,2013-01-30
6534,2013-01-31
3913,2001-09-12
6535,2013-02-01
6537,2013-02-05
6536,2013-02-04
6538,2013-02-06
6539,2013-02-07
6540,2013-02-08
6541,2013-02-11
6542,2013-02-12
6543,2013-02-13
6544,2013-02-14
4803,2005-06-22
456,1986-09-08
6545,2013-02-15
6546,2013-02-18
596,1987-03-23
6547,2013-02-19
581,1987-03-02
6548,2013-02-20
6549,2013-02-21
6550,2013-02-22
460,1986-09-12
3908,2001-09-05
6551,2013-02-25
468,1986-09-24
6552,2013-02-26
6553,2013-02-27
471,1986-09-29
6554,2013-02-28
6555,2013-03-01
559,1987-01-29
6556,2013-03-04
640,1987-05-22
4636,2004-11-01
4804,2005-06-23
6557,2013-03-05
6558,2013-03-06
2487,1995-05-30
2320,1994-10-07
6559,2013-03-07
6560,2013-03-08
6561,2013-03-11
2107,1993-11-02
6562,2013-03-12
1201,1989-11-20
4805,2005-06-24
6563,2013-03-13
1518,1991-03-20
6564,2013-03-14
6565,2013-03-15
6566,2013-03-18
2650,1996-02-23
6567,2013-03-19
2649,1996-02-22
6568,2013-03-20
1417,1990-10-30
1194,1989-11-09
1418,1990-10-31
6569,2013-03-21
6570,2013-03-22
2550,1995-10-06
6572,2013-03-26
1706,1992-01-20
6571,2013-03-25
1839,1992-09-10
6573,2013-03-27
6574,2013-03-28
1195,1989-11-10
1836,1992-09-07
6575,2013-03-29
6576,2013-04-01
6577,2013-04-02
6578,2013-04-03
1866,1992-10-19
6580,2013-04-05
6579,2013-04-04
1948,1993-02-10
6581,2013-04-08
4806,2005-06-27
6582,2013-04-09
2728,1996-06-12
6584,2013-04-11
6583,2013-04-10
2729,1996-06-13
6585,2013-04-12
2598,1995-12-13
6586,2013-04-15
2784,1996-10-10
6587,2013-04-16
1196,1989-11-13
6588,2013-04-17
6589,2013-04-18
2716,1996-05-27
6590,2013-04-19
2848,1997-01-08
6591,2013-04-22
6592,2013-04-23
496,1986-11-03
497,1986-11-04
6593,2013-04-24
4807,2005-06-28
6594,2013-04-25
6595,2013-04-26
2526,1995-09-04
6596,2013-04-29
2053,1993-07-07
6597,2013-04-30
1972,1993-03-16
2040,1993-06-18
1841,1992-09-14
6598,2013-05-01
1198,1989-11-15
6599,2013-05-02
6600,2013-05-03
6601,2013-05-06
6602,2013-05-07
1842,1992-09-15
2024,1993-05-27
6603,2013-05-08
6604,2013-05-09
6605,2013-05-10
2056,1993-07-12
4808,2005-06-29
6606,2013-05-13
6607,2013-05-14
1959,1993-02-25
1960,1993-02-26
6608,2013-05-15
6609,2013-05-16
6610,2013-05-17
6611,2013-05-20
804,1988-02-18
805,1988-02-19
1199,1989-11-16
6612,2013-05-21
6613,2013-05-22
2174,1994-02-03
6614,2013-05-23
6615,2013-05-24
6617,2013-05-28
6616,2013-05-27
6618,2013-05-29
6619,2013-05-30
6620,2013-05-31
4637,2004-11-03
1200,1989-11-17
6621,2013-06-03
6622,2013-06-04
6623,2013-06-05
6624,2013-06-06
6625,2013-06-07
2713,1996-05-22
2731,1996-06-17
6627,2013-06-11
6626,2013-06-10
2732,1996-06-18
4809,2005-06-30
6628,2013-06-12
6629,2013-06-13
6630,2013-06-14
589,1987-03-12
590,1987-03-13
6631,2013-06-17
6632,2013-06-18
591,1987-03-16
6633,2013-06-19
592,1987-03-17
4810,2005-07-01
593,1987-03-18
6634,2013-06-20
6635,2013-06-21
2114,1993-11-11
2113,1993-11-10
2111,1993-11-08
2115,1993-11-12
2374,1994-12-22
6636,2013-06-24
6637,2013-06-25
2685,1996-04-12
414,1986-04-10
6638,2013-06-26
2590,1995-12-01
261,1985-09-09
6639,2013-06-27
6640,2013-06-28
655,1987-06-12
6641,2013-07-01
2042,1993-06-22
6642,2013-07-02
4811,2005-07-04
549,1987-01-15
4355,2003-07-04
6643,2013-07-03
6644,2013-07-04
560,1987-01-30
6645,2013-07-05
558,1987-01-28
550,1987-01-16
6646,2013-07-08
70,1984-12-14
2686,1996-04-15
6648,2013-07-10
297,1985-10-29
6647,2013-07-09
6649,2013-07-11
335,1985-12-20
6650,2013-07-12
317,1985-11-26
6651,2013-07-15
336,1985-12-23
6652,2013-07-16
4812,2005-07-05
337,1985-12-24
316,1985-11-25
6653,2013-07-17
6654,2013-07-18
511,1986-11-24
524,1986-12-11
6655,2013-07-19
327,1985-12-10
6656,2013-07-22
352,1986-01-14
2673,1996-03-27
6657,2013-07-23
348,1986-01-08
1378,1990-09-05
325,1985-12-06
6658,2013-07-24
623,1987-04-29
6660,2013-07-26
441,1986-05-19
6661,2013-07-29
382,1986-02-25
4813,2005-07-06
6662,2013-07-30
383,1986-02-26
641,1987-05-25
709,1987-10-08
366,1986-02-03
6663,2013-07-31
726,1987-11-02
6665,2013-08-02
1121,1989-06-19
945,1988-10-14
3914,2001-09-13
1021,1989-01-30
1022,1989-01-31
1023,1989-02-01
6659,2013-07-25
6664,2013-08-01
1024,1989-02-02
1025,1989-02-03
1000,1988-12-30
999,1988-12-29
1565,1991-05-24
4638,2004-11-04
3915,2001-09-14
1709,1992-01-23
1301,1990-04-09
1019,1989-01-26
1303,1990-04-11
1304,1990-04-12
2298,1994-09-07
1719,1992-02-06
523,1986-12-10
6666,2013-09-16
6667,2013-09-17
4814,2005-07-07
6668,2013-09-18
6670,2013-09-20
6669,2013-09-19
6671,2013-09-23
6672,2013-09-24
6673,2013-09-25
6674,2013-09-26
6675,2013-09-27
6676,2013-09-30
6677,2013-10-01
2674,1996-03-28
6680,2013-10-04
6682,2013-10-08
6678,2013-10-02
6679,2013-10-03
6685,2013-10-11
6683,2013-10-09
6686,2013-10-14
6684,2013-10-10
6687,2013-10-15
6688,2013-10-16
4815,2005-07-08
6689,2013-10-17
6690,2013-10-18
6691,2013-10-21
6692,2013-10-22
6681,2013-10-07
6693,2013-10-23
6694,2013-10-24
6695,2013-10-25
6696,2013-10-28
6697,2013-10-29
2357,1994-11-29
6698,2013-10-30
6699,2013-10-31
6700,2013-11-01
6701,2013-11-04
6702,2013-11-05
6703,2013-11-06
6704,2013-11-07
6705,2013-11-08
6706,2013-11-11
6707,2013-11-12
3916,2001-09-17
6708,2013-11-13
6709,2013-11-14
6710,2013-11-15
6711,2013-11-18
6712,2013-11-19
6713,2013-11-20
6714,2013-11-21
6715,2013-11-22
6716,2013-11-25
6717,2013-11-26
3917,2001-09-18
6718,2013-11-27
6719,2013-11-28
6720,2013-11-29
6721,2013-12-02
6722,2013-12-03
6723,2013-12-04
6724,2013-12-05
6725,2013-12-06
6726,2013-12-09
6727,2013-12-10
3918,2001-09-19
6728,2013-12-11
6729,2013-12-12
6730,2013-12-13
6731,2013-12-16
6733,2013-12-18
6732,2013-12-17
6734,2013-12-19
6735,2013-12-20
6736,2013-12-23
6738,2013-12-25
2632,1996-01-30
6737,2013-12-24
6740,2013-12-27
6739,2013-12-26
6741,2013-12-30
6742,2013-12-31
6743,2014-01-01
6744,2014-01-02
6746,2014-01-06
6745,2014-01-03
6747,2014-01-07
4816,2005-07-11
6748,2014-01-08
6750,2014-01-10
6749,2014-01-09
6752,2014-01-14
6751,2014-01-13
562,1987-02-03
6753,2014-01-15
6754,2014-01-16
6755,2014-01-17
6757,2014-01-21
4639,2004-11-05
2358,1994-11-30
6756,2014-01-20
1396,1990-10-01
6758,2014-01-22
1489,1991-02-07
1863,1992-10-14
6759,2014-01-23
6760,2014-01-24
661,1987-06-22
6762,2014-01-28
6761,2014-01-27
3919,2001-09-20
1091,1989-05-08
6763,2014-01-29
859,1988-05-05
6764,2014-01-30
1635,1991-10-11
6765,2014-01-31
6766,2014-02-03
6767,2014-02-04
2014,1993-05-13
6768,2014-02-05
4817,2005-07-12
6769,2014-02-06
6770,2014-02-07
6771,2014-02-10
6772,2014-02-11
6773,2014-02-12
6774,2014-02-13
6775,2014-02-14
2103,1993-10-27
6776,2014-02-17
6777,2014-02-18
2633,1996-01-31
6778,2014-02-19
6779,2014-02-20
6780,2014-02-21
6781,2014-02-24
6782,2014-02-25
6783,2014-02-26
6784,2014-02-27
6785,2014-02-28
6786,2014-03-03
6787,2014-03-04
4818,2005-07-13
6788,2014-03-05
6789,2014-03-06
6790,2014-03-07
6791,2014-03-10
6792,2014-03-11
6793,2014-03-12
6794,2014-03-13
6795,2014-03-14
6796,2014-03-17
6797,2014-03-18
2635,1996-02-02
6798,2014-03-19
6800,2014-03-21
1563,1991-05-22
6801,2014-03-24
6802,2014-03-25
6799,2014-03-20
6803,2014-03-26
6805,2014-03-28
1466,1991-01-07
6804,2014-03-27
3920,2001-09-21
913,1988-07-20
6807,2014-04-01
6806,2014-03-31
6808,2014-04-02
6810,2014-04-04
6809,2014-04-03
6812,2014-04-08
6813,2014-04-09
6811,2014-04-07
6814,2014-04-10
4819,2005-07-14
6815,2014-04-11
6816,2014-04-14
6817,2014-04-15
955,1988-10-28
6818,2014-04-16
956,1988-10-31
6820,2014-04-18
6819,2014-04-17
6821,2014-04-21
6822,2014-04-22
4820,2005-07-15
6823,2014-04-23
6825,2014-04-25
6824,2014-04-24
6826,2014-04-28
6827,2014-04-29
6828,2014-04-30
1953,1993-02-17
1956,1993-02-22
6830,2014-05-02
6829,2014-05-01
3921,2001-09-24
469,1986-09-25
944,1988-10-13
2535,1995-09-15
6832,2014-05-06
6831,2014-05-05
2537,1995-09-19
6833,2014-05-07
2739,1996-06-27
2646,1996-02-19
6834,2014-05-08
4640,2004-11-06
3922,2001-09-25
6835,2014-05-09
2742,1996-07-02
6837,2014-05-13
6836,2014-05-12
6838,2014-05-14
6839,2014-05-15
6840,2014-05-16
6841,2014-05-19
6842,2014-05-20
6843,2014-05-21
1210,1989-12-01
6844,2014-05-22
6845,2014-05-23
796,1988-02-08
797,1988-02-09
6846,2014-05-26
800,1988-02-12
6847,2014-05-27
1891,1992-11-23
799,1988-02-11
6848,2014-05-28
4821,2005-07-18
798,1988-02-10
6849,2014-05-29
801,1988-02-15
6850,2014-05-30
802,1988-02-16
803,1988-02-17
6852,2014-06-03
6851,2014-06-02
6853,2014-06-04
153,1985-04-10
4822,2005-07-19
874,1988-05-26
6854,2014-06-05
6855,2014-06-06
521,1986-12-08
6857,2014-06-10
6856,2014-06-09
6858,2014-06-11
6859,2014-06-12
6860,2014-06-13
6861,2014-06-16
3783,2001-01-31
6863,2014-06-18
6864,2014-06-19
6865,2014-06-20
6866,2014-06-23
6862,2014-06-17
6868,2014-06-25
6869,2014-06-26
6870,2014-06-27
6871,2014-06-30
6873,2014-07-02
4823,2005-07-20
6867,2014-06-24
6875,2014-07-04
1989,1993-04-08
6874,2014-07-03
765,1987-12-25
6876,2014-07-07
6872,2014-07-01
6877,2014-07-08
6878,2014-07-09
753,1987-12-09
3784,2001-02-01
718,1987-10-21
6880,2014-07-11
6879,2014-07-10
2108,1993-11-03
821,1988-03-14
6881,2014-07-14
851,1988-04-25
6883,2014-07-16
727,1987-11-03
6885,2014-07-18
4824,2005-07-21
6884,2014-07-17
1408,1990-10-17
933,1988-09-28
6887,2014-07-22
6886,2014-07-21
1755,1992-03-27
6888,2014-07-23
705,1987-10-02
6889,2014-07-24
4485,2004-02-20
3785,2001-02-02
957,1988-11-01
6882,2014-07-15
6890,2014-07-25
1017,1989-01-24
6891,2014-07-28
1018,1989-01-25
6892,2014-07-29
1248,1990-01-24
6893,2014-07-30
6894,2014-07-31
4825,2005-07-22
632,1987-05-12
6895,2014-08-01
126,1985-03-04
722,1987-10-27
743,1987-11-25
846,1988-04-18
810,1988-02-26
3636,2000-05-29
1136,1989-07-10
1142,1989-07-18
4641,2004-11-08
3923,2001-09-26
875,1988-05-27
877,1988-05-31
3866,2001-05-28
3869,2001-05-31
854,1988-04-28
3894,2001-07-05
4421,2003-11-24
1144,1989-07-20
1145,1989-07-21
3895,2001-07-06
3924,2001-09-27
4422,2003-11-25
4423,2003-11-26
4354,2003-07-03
4203,2002-12-04
4401,2003-10-27
4424,2003-11-27
4425,2003-11-28
4426,2003-12-01
4427,2003-12-02
4428,2003-12-03
3925,2001-09-28
4429,2003-12-04
4430,2003-12-05
4431,2003-12-08
4432,2003-12-09
4433,2003-12-10
4434,2003-12-11
4435,2003-12-12
4436,2003-12-15
4437,2003-12-16
4438,2003-12-17
1215,1989-12-08
4439,2003-12-18
4440,2003-12-19
1092,1989-05-09
4441,2003-12-22
4442,2003-12-23
4443,2003-12-24
4444,2003-12-25
4445,2003-12-26
4446,2003-12-29
4447,2003-12-30
1221,1989-12-18
4448,2003-12-31
4449,2004-01-01
4450,2004-01-02
769,1987-12-31
770,1988-01-01
771,1988-01-04
772,1988-01-05
773,1988-01-06
6896,2014-09-15
6898,2014-09-17
1224,1989-12-21
6897,2014-09-16
6899,2014-09-18
4383,2003-10-01
6900,2014-09-19
4371,2003-09-15
4372,2003-09-16
4373,2003-09-17
4374,2003-09-18
4375,2003-09-19
4381,2003-09-29
3906,2001-09-03
4382,2003-09-30
4384,2003-10-02
4385,2003-10-03
725,1987-10-30
4386,2003-10-06
4387,2003-10-07
6901,2014-09-22
6902,2014-09-23
6903,2014-09-24
4400,2003-10-24
3907,2001-09-04
4402,2003-10-28
4403,2003-10-29
4404,2003-10-30
4405,2003-10-31
4406,2003-11-03
4407,2003-11-04
4408,2003-11-05
4409,2003-11-06
4410,2003-11-07
6905,2014-09-26
1227,1989-12-26
6904,2014-09-25
6908,2014-10-01
6909,2014-10-02
6906,2014-09-29
6907,2014-09-30
6910,2014-10-03
787,1988-01-26
6913,2014-10-08
6914,2014-10-09
6911,2014-10-06
1230,1989-12-29
6912,2014-10-07
6915,2014-10-10
788,1988-01-27
2155,1994-01-07
6916,2014-10-13
6917,2014-10-14
6918,2014-10-15
790,1988-01-29
6920,2014-10-17
791,1988-02-01
4642,2004-11-09
1236,1990-01-08
6921,2014-10-20
6922,2014-10-21
792,1988-02-02
6923,2014-10-22
793,1988-02-03
794,1988-02-04
6919,2014-10-16
6924,2014-10-23
6925,2014-10-24
795,1988-02-05
1245,1990-01-19
789,1988-01-28
6926,2014-10-27
6927,2014-10-28
6928,2014-10-29
6929,2014-10-30
6930,2014-10-31
6931,2014-11-03
6932,2014-11-04
6933,2014-11-05
6935,2014-11-07
2019,1993-05-20
6936,2014-11-10
6937,2014-11-11
6938,2014-11-12
6934,2014-11-06
6939,2014-11-13
6940,2014-11-14
6941,2014-11-17
1336,1990-05-28
6942,2014-11-18
6943,2014-11-19
2020,1993-05-21
6944,2014-11-20
6945,2014-11-21
6946,2014-11-24
824,1988-03-17
6947,2014-11-25
6948,2014-11-26
6949,2014-11-27
6950,2014-11-28
6951,2014-12-01
6952,2014-12-02
1246,1990-01-22
6953,2014-12-03
6954,2014-12-04
6955,2014-12-05
4484,2004-02-19
6956,2014-12-08
6957,2014-12-09
6958,2014-12-10
6959,2014-12-11
6960,2014-12-12
6961,2014-12-15
1247,1990-01-23
6962,2014-12-16
4483,2004-02-18
6963,2014-12-17
6964,2014-12-18
6965,2014-12-19
6966,2014-12-22
6967,2014-12-23
1496,1991-02-18
1497,1991-02-19
1499,1991-02-21
1250,1990-01-26
1500,1991-02-22
6968,2014-12-24
6969,2014-12-25
1491,1991-02-11
1492,1991-02-12
1493,1991-02-13
1494,1991-02-14
1495,1991-02-15
6970,2014-12-26
6971,2014-12-29
1251,1990-01-29
6972,2014-12-30
6973,2014-12-31
6974,2015-01-01
6975,2015-01-02
6976,2015-01-05
6977,2015-01-06
6978,2015-01-07
6979,2015-01-08
6980,2015-01-09
6981,2015-01-12
1285,1990-03-16
6982,2015-01-13
6983,2015-01-14
4413,2003-11-12
6984,2015-01-15
6985,2015-01-16
6986,2015-01-19
6987,2015-01-20
6988,2015-01-21
465,1986-09-19
6989,2015-01-22
1252,1990-01-30
6990,2015-01-23
4482,2004-02-17
6991,2015-01-26
4481,2004-02-16
6992,2015-01-27
6993,2015-01-28
4480,2004-02-13
6995,2015-01-30
6994,2015-01-29
4479,2004-02-12
4643,2004-11-10
1255,1990-02-02
6996,2015-02-02
6997,2015-02-03
4478,2004-02-11
6998,2015-02-04
4477,2004-02-10
6999,2015-02-05
7000,2015-02-06
1160,1989-09-22
4476,2004-02-09
7001,2015-02-09
1257,1990-02-06
1161,1989-09-25
7002,2015-02-10
7003,2015-02-11
7005,2015-02-13
1163,1989-09-27
1165,1989-09-29
7006,2015-02-16
7007,2015-02-17
7004,2015-02-12
7008,2015-02-18
1260,1990-02-09
1166,1989-10-02
1167,1989-10-03
1168,1989-10-04
1169,1989-10-05
1171,1989-10-09
7011,2015-02-23
1172,1989-10-10
1346,1990-06-11
7012,2015-02-24
7010,2015-02-20
1262,1990-02-13
1173,1989-10-11
1174,1989-10-12
1176,1989-10-16
7013,2015-02-25
1179,1989-10-19
7016,2015-03-02
1180,1989-10-20
7017,2015-03-03
7014,2015-02-26
7015,2015-02-27
1263,1990-02-14
7020,2015-03-06
7021,2015-03-09
7009,2015-02-19
7022,2015-03-10
7018,2015-03-04
7019,2015-03-05
7023,2015-03-11
7024,2015-03-12
7025,2015-03-13
7026,2015-03-16
1265,1990-02-16
7027,2015-03-17
7030,2015-03-20
7028,2015-03-18
7029,2015-03-19
7031,2015-03-23
7032,2015-03-24
7033,2015-03-25
7036,2015-03-30
7034,2015-03-26
7035,2015-03-27
1266,1990-02-19
7037,2015-03-31
7038,2015-04-01
7039,2015-04-02
7040,2015-04-03
7041,2015-04-06
7042,2015-04-07
7043,2015-04-08
7044,2015-04-09
7045,2015-04-10
990,1988-12-16
4826,2005-09-12
7046,2015-04-13
991,1988-12-19
7047,2015-04-14
7048,2015-04-15
7049,2015-04-16
7050,2015-04-17
7051,2015-04-20
7052,2015-04-21
7053,2015-04-22
7054,2015-04-23
1267,1990-02-20
7055,2015-04-24
7056,2015-04-27
7057,2015-04-28
7058,2015-04-29
7059,2015-04-30
7060,2015-05-01
7061,2015-05-04
7062,2015-05-05
7063,2015-05-06
7064,2015-05-07
1271,1990-02-26
7065,2015-05-08
7066,2015-05-11
7067,2015-05-12
7068,2015-05-13
7069,2015-05-14
7070,2015-05-15
7071,2015-05-18
7072,2015-05-19
7073,2015-05-20
7074,2015-05-21
4644,2004-11-11
1272,1990-02-27
7075,2015-05-22
7076,2015-05-25
7077,2015-05-26
7078,2015-05-27
7079,2015-05-28
7080,2015-05-29
1242,1990-01-16
7081,2015-06-01
1013,1989-01-18
7082,2015-06-02
1273,1990-02-28
1593,1991-07-03
717,1987-10-20
7083,2015-06-03
7084,2015-06-04
822,1988-03-15
7085,2015-06-05
1536,1991-04-15
7086,2015-06-08
499,1986-11-06
7087,2015-06-09
1274,1990-03-01
7088,2015-06-10
7089,2015-06-11
719,1987-10-22
7090,2015-06-12
775,1988-01-08
7091,2015-06-15
1590,1991-06-28
7092,2015-06-16
823,1988-03-16
883,1988-06-08
1276,1990-03-05
7093,2015-06-17
1014,1989-01-19
931,1988-09-26
7094,2015-06-18
7095,2015-06-19
2500,1995-06-16
7096,2015-06-22
2822,1996-12-03
7097,2015-06-23
1015,1989-01-20
1279,1990-03-08
1704,1992-01-16
7098,2015-06-24
1016,1989-01-23
7099,2015-06-25
1470,1991-01-11
7100,2015-06-26
825,1988-03-18
7101,2015-06-29
7102,2015-06-30
7103,2015-07-01
3216,1998-09-07
7104,2015-07-02
7105,2015-07-03
840,1988-04-08
7106,2015-07-06
2509,1995-06-29
1620,1991-09-20
7107,2015-07-07
2088,1993-10-06
7108,2015-07-08
7109,2015-07-09
1281,1990-03-12
1051,1989-03-13
7110,2015-07-10
1621,1991-09-23
1622,1991-09-24
4412,2003-11-11
4414,2003-11-13
4415,2003-11-14
4416,2003-11-17
4418,2003-11-19
4419,2003-11-20
1283,1990-03-14
4420,2003-11-21
1229,1989-12-28
7111,2015-07-13
1029,1989-02-09
7112,2015-07-14
1806,1992-06-08
7113,2015-07-15
7114,2015-07-16
860,1988-05-06
7115,2015-07-17
1286,1990-03-19
1623,1991-09-25
853,1988-04-27
7116,2015-07-20
1624,1991-09-26
584,1987-03-05
7117,2015-07-21
852,1988-04-26
7118,2015-07-22
2501,1995-06-19
7119,2015-07-23
3104,1998-02-12
959,1988-11-03
7120,2015-07-24
690,1987-09-11
7121,2015-07-27
7122,2015-07-28
989,1988-12-15
1007,1989-01-10
1062,1989-03-28
1063,1989-03-29
1403,1990-10-10
4600,2004-09-10
4645,2004-11-12
3105,1998-02-13
1009,1989-01-12
1010,1989-01-13
7125,2015-07-31
1008,1989-01-11
1299,1990-04-05
7123,2015-07-29
7124,2015-07-30
1006,1989-01-09
2445,1995-03-31
80,1984-12-28
2948,1997-05-28
438,1986-05-14
979,1988-12-01
77,1984-12-25
1347,1990-06-12
4376,2003-09-22
4377,2003-09-23
4378,2003-09-24
4379,2003-09-25
84,1985-01-03
1353,1990-06-20
1289,1990-03-22
495,1986-10-31
1434,1990-11-22
720,1987-10-23
1011,1989-01-16
981,1988-12-05
782,1988-01-19
820,1988-03-11
1770,1992-04-17
2782,1996-10-08
842,1988-04-12
4827,2005-09-13
1181,1989-10-23
1182,1989-10-24
2804,1996-11-07
1183,1989-10-25
1184,1989-10-26
1186,1989-10-30
1187,1989-10-31
7126,2015-09-14
7127,2015-09-15
1188,1989-11-01
1290,1990-03-23
7128,2015-09-16
1202,1989-11-21
7129,2015-09-17
7130,2015-09-18
7131,2015-09-21
360,1986-01-24
7132,2015-09-22
1189,1989-11-02
7133,2015-09-23
7134,2015-09-24
1291,1990-03-26
7135,2015-09-25
1203,1989-11-22
7136,2015-09-28
7137,2015-09-29
1205,1989-11-24
7138,2015-09-30
7139,2015-10-01
7140,2015-10-02
7141,2015-10-05
7142,2015-10-06
4828,2005-09-14
2596,1995-12-11
7143,2015-10-07
7144,2015-10-08
7145,2015-10-09
7146,2015-10-12
7147,2015-10-13
7148,2015-10-14
7149,2015-10-15
2783,1996-10-09
7150,2015-10-16
4829,2005-09-15
7151,2015-10-19
7152,2015-10-20
7153,2015-10-21
1562,1991-05-21
7154,2015-10-22
7155,2015-10-23
7156,2015-10-26
2156,1994-01-10
7157,2015-10-27
1741,1992-03-09
1294,1990-03-29
2157,1994-01-11
7158,2015-10-28
2164,1994-01-20
7159,2015-10-29
2165,1994-01-21
7160,2015-10-30
2166,1994-01-24
7162,2015-11-03
7161,2015-11-02
7163,2015-11-04
4830,2005-09-16
7164,2015-11-05
7165,2015-11-06
7166,2015-11-09
7167,2015-11-10
2167,1994-01-25
7168,2015-11-11
723,1987-10-28
7169,2015-11-12
7170,2015-11-13
7171,2015-11-16
4646,2004-11-15
1295,1990-03-30
7172,2015-11-17
7173,2015-11-18
724,1987-10-29
7174,2015-11-19
7175,2015-11-20
1564,1991-05-23
752,1987-12-08
1305,1990-04-13
7176,2015-11-23
7177,2015-11-24
1296,1990-04-02
7178,2015-11-25
754,1987-12-10
7179,2015-11-26
7180,2015-11-27
1207,1989-11-28
1208,1989-11-29
7181,2015-11-30
7182,2015-12-01
1209,1989-11-30
7183,2015-12-02
4831,2005-09-19
141,1985-03-25
7184,2015-12-03
7185,2015-12-04
459,1986-09-11
7186,2015-12-07
7187,2015-12-08
7188,2015-12-09
7189,2015-12-10
7190,2015-12-11
7191,2015-12-14
4832,2005-09-20
7192,2015-12-15
7193,2015-12-16
7194,2015-12-17
7195,2015-12-18
7196,2015-12-21
876,1988-05-30
7197,2015-12-22
7198,2015-12-23
7199,2015-12-24
7200,2015-12-25
1300,1990-04-06
7201,2015-12-28
7202,2015-12-29
830,1988-03-25
831,1988-03-28
7203,2015-12-30
832,1988-03-29
7204,2015-12-31
7205,2016-01-01
833,1988-03-30
834,1988-03-31
4833,2005-09-21
7206,2016-01-04
835,1988-04-01
7207,2016-01-05
1738,1992-03-04
7208,2016-01-06
7209,2016-01-07
7210,2016-01-08
7211,2016-01-11
836,1988-04-04
1087,1989-05-02
1302,1990-04-10
7212,2016-01-12
837,1988-04-05
2057,1993-07-13
2185,1994-02-18
7213,2016-01-13
7214,2016-01-14
7215,2016-01-15
7216,2016-01-18
7217,2016-01-19
2529,1995-09-07
4834,2005-09-22
7218,2016-01-20
7219,2016-01-21
7220,2016-01-22
756,1987-12-14
7221,2016-01-25
7222,2016-01-26
7223,2016-01-27
7224,2016-01-28
7225,2016-01-29
755,1987-12-11
1307,1990-04-17
7226,2016-02-01
7227,2016-02-02
2678,1996-04-03
7228,2016-02-03
7229,2016-02-04
7230,2016-02-05
760,1987-12-18
7231,2016-02-08
7232,2016-02-09
7233,2016-02-10
4835,2005-09-23
761,1987-12-21
762,1987-12-22
7234,2016-02-11
7235,2016-02-12
2342,1994-11-08
7236,2016-02-15
7237,2016-02-16
7238,2016-02-17
7239,2016-02-18
7240,2016-02-19
4647,2004-11-16
1308,1990-04-18
7243,2016-02-24
7241,2016-02-22
7242,2016-02-23
7244,2016-02-25
7245,2016-02-26
7246,2016-02-29
7247,2016-03-01
7248,2016-03-02
7249,2016-03-03
7250,2016-03-04
4836,2005-09-26
7251,2016-03-07
7252,2016-03-08
7253,2016-03-09
7254,2016-03-10
7255,2016-03-11
7256,2016-03-14
7257,2016-03-15
7258,2016-03-16
7259,2016-03-17
7260,2016-03-18
1309,1990-04-19
7261,2016-03-21
7262,2016-03-22
7263,2016-03-23
7264,2016-03-24
7265,2016-03-25
7266,2016-03-28
7267,2016-03-29
2078,1993-09-22
7268,2016-03-30
730,1987-11-06
4837,2005-09-27
7269,2016-03-31
7270,2016-04-01
7271,2016-04-04
7272,2016-04-05
15,1984-09-28
16,1984-10-01
17,1984-10-02
18,1984-10-03
20,1984-10-05
7273,2016-04-06
1525,1991-03-29
7274,2016-04-07
7275,2016-04-08
7276,2016-04-11
19,1984-10-04
21,1984-10-08
7277,2016-04-12
728,1987-11-04
7278,2016-04-13
7279,2016-04-14
7280,2016-04-15
1526,1991-04-01
729,1987-11-05
7281,2016-04-18
721,1987-10-26
7282,2016-04-19
878,1988-06-01
7283,2016-04-20
879,1988-06-02
7284,2016-04-21
7285,2016-04-22
7286,2016-04-25
1311,1990-04-23
880,1988-06-03
7287,2016-04-26
829,1988-03-24
7288,2016-04-27
7289,2016-04-28
881,1988-06-06
2079,1993-09-23
7290,2016-04-29
1090,1989-05-05
7291,2016-05-02
4838,2005-09-28
7292,2016-05-03
2400,1995-01-27
882,1988-06-07
7293,2016-05-04
7294,2016-05-05
7295,2016-05-06
7296,2016-05-09
2612,1996-01-02
7297,2016-05-10
884,1988-06-09
1312,1990-04-24
7298,2016-05-11
885,1988-06-10
7299,2016-05-12
7300,2016-05-13
7301,2016-05-16
886,1988-06-13
7302,2016-05-17
7303,2016-05-18
887,1988-06-14
7304,2016-05-19
1317,1990-05-01
7305,2016-05-20
2613,1996-01-03
7306,2016-05-23
7307,2016-05-24
7308,2016-05-25
7309,2016-05-26
7310,2016-05-27
7311,2016-05-30
7312,2016-05-31
2344,1994-11-10
4648,2004-11-17
4839,2005-09-29
7313,2016-06-01
7314,2016-06-02
7315,2016-06-03
2343,1994-11-09
7316,2016-06-06
7317,2016-06-07
7318,2016-06-08
7319,2016-06-09
2345,1994-11-11
7320,2016-06-10
1318,1990-05-02
7321,2016-06-13
1343,1990-06-06
1880,1992-11-06
7322,2016-06-14
7323,2016-06-15
7324,2016-06-16
7325,2016-06-17
2230,1994-04-22
2080,1993-09-24
7326,2016-06-20
4840,2005-09-30
1084,1989-04-27
7327,2016-06-21
1358,1990-06-27
2415,1995-02-17
2414,1995-02-16
7328,2016-06-22
1076,1989-04-17
7329,2016-06-23
7330,2016-06-24
1359,1990-06-28
1319,1990-05-03
7331,2016-06-27
2081,1993-09-27
7332,2016-06-28
1606,1991-09-02
996,1988-12-26
7333,2016-06-29
7334,2016-06-30
7335,2016-07-01
659,1987-06-18
7336,2016-07-04
1320,1990-05-04
702,1987-09-29
2524,1995-07-20
2525,1995-07-21
7337,2016-07-05
1441,1990-12-03
7338,2016-07-06
2082,1993-09-28
660,1987-06-19
672,1987-07-07
7339,2016-07-07
4841,2005-10-03
7340,2016-07-08
7341,2016-07-11
664,1987-06-25
1524,1991-03-28
544,1987-01-08
665,1987-06-26
697,1987-09-22
666,1987-06-29
2083,1993-09-29
667,1987-06-30
1331,1990-05-21
668,1987-07-01
930,1988-09-23
7342,2016-07-12
7347,2016-07-19
986,1988-12-12
7346,2016-07-18
7351,2016-07-25
1667,1991-11-26
7352,2016-07-26
1710,1992-01-24
3270,1998-11-20
2084,1993-09-30
678,1987-07-15
570,1987-02-13
669,1987-07-02
1675,1991-12-06
2085,1993-10-01
7343,2016-07-13
7344,2016-07-14
7345,2016-07-15
7348,2016-07-20
4842,2005-10-04
7349,2016-07-21
7350,2016-07-22
7353,2016-07-27
7354,2016-07-28
7355,2016-07-29
670,1987-07-03
2573,1995-11-08
712,1987-10-13
872,1988-05-24
2453,1995-04-12
1332,1990-05-22
2086,1993-10-04
2574,1995-11-09
2775,1996-09-27
2787,1996-10-15
2695,1996-04-26
372,1986-02-11
373,1986-02-12
374,1986-02-13
2307,1994-09-20
2648,1996-02-21
4649,2004-11-18
4843,2005-10-05
2575,1995-11-10
2733,1996-06-19
2712,1996-05-21
7357,2016-09-13
7356,2016-09-12
7358,2016-09-14
7359,2016-09-15
7360,2016-09-16
7362,2016-09-20
7361,2016-09-19
1333,1990-05-23
7363,2016-09-21
7364,2016-09-22
7365,2016-09-23
7366,2016-09-26
2684,1996-04-11
7367,2016-09-27
1781,1992-05-04
2616,1996-01-08
7368,2016-09-28
7369,2016-09-29
4844,2005-10-06
2597,1995-12-12
7370,2016-09-30
7371,2016-10-03
7372,2016-10-04
7373,2016-10-05
531,1986-12-22
7374,2016-10-06
7375,2016-10-07
7376,2016-10-10
7377,2016-10-11
1339,1990-05-31
7378,2016-10-12
7379,2016-10-13
7380,2016-10-14
7382,2016-10-18
2606,1995-12-25
2607,1995-12-26
2610,1995-12-29
7381,2016-10-17
7383,2016-10-19
7384,2016-10-20
4845,2005-10-07
7385,2016-10-21
7387,2016-10-25
7386,2016-10-24
7392,2016-11-01
7388,2016-10-26
7389,2016-10-27
7390,2016-10-28
7391,2016-10-31
7393,2016-11-02
7397,2016-11-08
1340,1990-06-01
1963,1993-03-03
7394,2016-11-03
7395,2016-11-04
7396,2016-11-07
7398,2016-11-09
7399,2016-11-10
7400,2016-11-11
7401,2016-11-14
7402,2016-11-15
7403,2016-11-16
4078,2002-05-01
7404,2016-11-17
7405,2016-11-18
7406,2016-11-21
7407,2016-11-22
1037,1989-02-21
7408,2016-11-23
7409,2016-11-24
7410,2016-11-25
7412,2016-11-29
7417,2016-12-06
2669,1996-03-21
7422,2016-12-13
7423,2016-12-14
7424,2016-12-15
7425,2016-12-16
7426,2016-12-19
7427,2016-12-20
7428,2016-12-21
7429,2016-12-22
7411,2016-11-28
7413,2016-11-30
4080,2002-05-03
7414,2016-12-01
7415,2016-12-02
7416,2016-12-05
7418,2016-12-07
7419,2016-12-08
7420,2016-12-09
7421,2016-12-12
7430,2016-12-23
7431,2016-12-26
7432,2016-12-27
4081,2002-05-06
7433,2016-12-28
7434,2016-12-29
7435,2016-12-30
7436,2017-01-02
7437,2017-01-03
7438,2017-01-04
7439,2017-01-05
7440,2017-01-06
7441,2017-01-09
7442,2017-01-10
4650,2004-11-19
4846,2005-10-10
7443,2017-01-11
7444,2017-01-12
2371,1994-12-19
7445,2017-01-13
7446,2017-01-16
7447,2017-01-17
7448,2017-01-18
7449,2017-01-19
7450,2017-01-20
7451,2017-01-23
2670,1996-03-22
7452,2017-01-24
7453,2017-01-25
7457,2017-01-31
7456,2017-01-30
7458,2017-02-01
7459,2017-02-02
7460,2017-02-03
7462,2017-02-07
7461,2017-02-06
7463,2017-02-08
4847,2005-10-11
7464,2017-02-09
7465,2017-02-10
7467,2017-02-14
7466,2017-02-13
7468,2017-02-15
160,1985-04-19
7469,2017-02-16
7470,2017-02-17
1596,1991-07-08
7471,2017-02-20
4082,2002-05-07
7472,2017-02-21
7473,2017-02-22
7474,2017-02-23
7475,2017-02-24
7454,2017-01-26
7455,2017-01-27
2727,1996-06-11
2730,1996-06-14
2734,1996-06-20
7477,2017-02-28
2672,1996-03-26
2887,1997-03-04
2749,1996-07-11
2697,1996-04-30
2698,1996-05-01
81,1984-12-31
7476,2017-02-27
2700,1996-05-03
2689,1996-04-18
7482,2017-03-07
2717,1996-05-28
4848,2005-10-12
7481,2017-03-06
1744,1992-03-12
2714,1996-05-23
7487,2017-03-14
2767,1996-09-17
1220,1989-12-15
1723,1992-02-12
7486,2017-03-13
7488,2017-03-15
7478,2017-03-01
2677,1996-04-02
7479,2017-03-02
7480,2017-03-03
7483,2017-03-08
7484,2017-03-09
7485,2017-03-10
7489,2017-03-16
7490,2017-03-17
1724,1992-02-13
2801,1996-11-04
7492,2017-03-21
4083,2002-05-08
2800,1996-11-01
2798,1996-10-30
2797,1996-10-29
7495,2017-03-24
2791,1996-10-21
7491,2017-03-20
7493,2017-03-22
7494,2017-03-23
2788,1996-10-16
2373,1994-12-21
4849,2005-10-13
2387,1995-01-10
7497,2017-03-28
954,1988-10-27
7496,2017-03-27
1038,1989-02-22
757,1987-12-15
1039,1989-02-23
138,1985-03-20
1040,1989-02-24
7498,2017-03-29
2679,1996-04-04
7499,2017-03-30
7500,2017-03-31
1041,1989-02-27
1042,1989-02-28
7501,2017-04-03
7502,2017-04-04
1043,1989-03-01
1044,1989-03-02
7503,2017-04-05
7504,2017-04-06
4651,2004-11-22
4084,2002-05-09
7505,2017-04-07
1045,1989-03-03
7507,2017-04-11
982,1988-12-06
295,1985-10-25
983,1988-12-07
7506,2017-04-10
7508,2017-04-12
7509,2017-04-13
7510,2017-04-14
4085,2002-05-10
984,1988-12-08
7512,2017-04-18
985,1988-12-09
987,1988-12-13
7511,2017-04-17
7513,2017-04-19
7514,2017-04-20
375,1986-02-14
7515,2017-04-21
530,1986-12-19
2680,1996-04-05
978,1988-11-30
7517,2017-04-25
977,1988-11-29
2463,1995-04-26
381,1986-02-24
2464,1995-04-27
7516,2017-04-24
7518,2017-04-26
7519,2017-04-27
7520,2017-04-28
4850,2005-10-14
7521,2017-05-01
7522,2017-05-02
1877,1992-11-03
7523,2017-05-03
7524,2017-05-04
7525,2017-05-05
191,1985-06-03
7526,2017-05-08
7527,2017-05-09
7528,2017-05-10
2619,1996-01-11
7529,2017-05-11
7530,2017-05-12
7531,2017-05-15
7532,2017-05-16
7533,2017-05-17
7534,2017-05-18
7535,2017-05-19
7536,2017-05-22
7537,2017-05-23
7538,2017-05-24
4086,2002-05-13
7539,2017-05-25
7540,2017-05-26
7541,2017-05-29
7542,2017-05-30
7543,2017-05-31
7544,2017-06-01
7545,2017-06-02
1058,1989-03-22
1059,1989-03-23
1060,1989-03-24
4087,2002-05-14
1707,1992-01-21
7546,2017-06-05
1061,1989-03-27
988,1988-12-14
7547,2017-06-06
704,1987-10-01
946,1988-10-17
7548,2017-06-07
1064,1989-03-30
1020,1989-01-27
4851,2005-10-17
7549,2017-06-08
7550,2017-06-09
713,1987-10-14
7551,2017-06-12
714,1987-10-15
1065,1989-03-31
7552,2017-06-13
715,1987-10-16
1066,1989-04-03
716,1987-10-19
2620,1996-01-12
525,1986-12-12
847,1988-04-19
1067,1989-04-04
1068,1989-04-05
7553,2017-06-14
7554,2017-06-15
7555,2017-06-16
1204,1989-11-23
973,1988-11-23
7556,2017-06-19
4852,2005-10-18
526,1986-12-15
527,1986-12-16
1626,1991-09-30
1085,1989-04-28
941,1988-10-10
7557,2017-06-20
703,1987-09-30
1086,1989-05-01
1088,1989-05-03
1012,1989-01-17
4652,2004-11-23
2622,1996-01-16
1089,1989-05-04
7561,2017-06-26
750,1987-12-04
7562,2017-06-27
1337,1990-05-29
972,1988-11-22
624,1987-04-30
7563,2017-06-28
7564,2017-06-29
7565,2017-06-30
4853,2005-10-19
942,1988-10-11
7566,2017-07-03
7558,2017-06-21
7559,2017-06-22
7560,2017-06-23
7567,2017-07-04
7568,2017-07-05
7569,2017-07-06
7570,2017-07-07
539,1987-01-01
2623,1996-01-17
537,1986-12-30
532,1986-12-23
1364,1990-07-05
7571,2017-07-10
658,1987-06-17
7572,2017-07-11
1075,1989-04-14
616,1987-04-20
951,1988-10-24
622,1987-04-28
4854,2005-10-20
7573,2017-07-12
1003,1989-01-04
7574,2017-07-13
614,1987-04-16
615,1987-04-17
7575,2017-07-14
1004,1989-01-05
7576,2017-07-17
1057,1989-03-21
7577,2017-07-18
2624,1996-01-18
566,1987-02-09
1377,1990-09-04
1125,1989-06-23
2444,1995-03-30
7578,2017-07-19
7579,2017-07-20
7580,2017-07-21
540,1987-01-02
871,1988-05-23
7581,2017-07-24
4855,2005-10-21
565,1987-02-06
7582,2017-07-25
763,1987-12-23
7583,2017-07-26
768,1987-12-30
7584,2017-07-27
992,1988-12-20
7585,2017-07-28
541,1987-01-05
533,1986-12-24
2625,1996-01-19
2643,1996-02-14
2647,1996-02-20
1625,1991-09-27
1483,1991-01-30
1437,1990-11-27
1540,1991-04-19
947,1988-10-18
1643,1991-10-23
898,1988-06-29
1414,1990-10-25
2627,1996-01-23
1640,1991-10-18
1676,1991-12-09
611,1987-04-13
363,1986-01-29
1128,1989-06-28
899,1988-06-30
7586,2017-09-11
7587,2017-09-12
7588,2017-09-13
7589,2017-09-14
4856,2005-10-24
7590,2017-09-15
7591,2017-09-18
7592,2017-09-19
7593,2017-09-20
7594,2017-09-21
7595,2017-09-22
7596,2017-09-25
7597,2017-09-26
7598,2017-09-27
7599,2017-09-28
4857,2005-10-25
7600,2017-09-29
7601,2017-10-02
7602,2017-10-03
7603,2017-10-04
7604,2017-10-05
7605,2017-10-06
7606,2017-10-09
7607,2017-10-10
7608,2017-10-11
7609,2017-10-12
4653,2004-11-24
2628,1996-01-24
7610,2017-10-13
7611,2017-10-16
7612,2017-10-17
269,1985-09-19
7613,2017-10-18
7614,2017-10-19
7615,2017-10-20
7616,2017-10-23
270,1985-09-20
7617,2017-10-24
4858,2005-10-26
271,1985-09-23
7618,2017-10-25
7619,2017-10-26
7620,2017-10-27
272,1985-09-24
542,1987-01-06
7621,2017-10-30
7622,2017-10-31
543,1987-01-07
1955,1993-02-19
2629,1996-01-25
612,1987-04-14
545,1987-01-09
7623,2017-11-01
7624,2017-11-02
7625,2017-11-03
7626,2017-11-06
7627,2017-11-07
7628,2017-11-08
7629,2017-11-09
7630,2017-11-10
4859,2005-10-27
547,1987-01-13
7631,2017-11-13
7632,2017-11-14
7633,2017-11-15
7634,2017-11-16
7635,2017-11-17
7636,2017-11-20
7637,2017-11-21
1768,1992-04-15
1892,1992-11-24
2823,1996-12-04
7638,2017-11-22
7641,2017-11-27
7642,2017-11-28
7639,2017-11-23
7643,2017-11-29
7644,2017-11-30
7640,2017-11-24
7645,2017-12-01
7646,2017-12-04
7647,2017-12-05
4860,2005-10-28
7648,2017-12-06
7649,2017-12-07
7650,2017-12-08
7651,2017-12-11
7652,2017-12-12
1944,1993-02-04
7653,2017-12-13
7654,2017-12-14
7655,2017-12-15
338,1985-12-25
2824,1996-12-05
7656,2017-12-18
7657,2017-12-19
7658,2017-12-20
7659,2017-12-21
7660,2017-12-22
7661,2017-12-25
7662,2017-12-26
7663,2017-12-27
7664,2017-12-28
7665,2017-12-29
2825,1996-12-06
7666,2018-01-01
7667,2018-01-02
7668,2018-01-03
7669,2018-01-04
7670,2018-01-05
1893,1992-11-25
7671,2018-01-08
1894,1992-11-26
7672,2018-01-09
7673,2018-01-10
4861,2005-10-31
7674,2018-01-11
7675,2018-01-12
7676,2018-01-15
7677,2018-01-16
995,1988-12-23
997,1988-12-27
2558,1995-10-18
7678,2018-01-17
7679,2018-01-18
7680,2018-01-19
2826,1996-12-09
7681,2018-01-22
7682,2018-01-23
7683,2018-01-24
7684,2018-01-25
7685,2018-01-26
7686,2018-01-29
7687,2018-01-30
7688,2018-01-31
7689,2018-02-01
7690,2018-02-02
4654,2004-11-25
4862,2005-11-01
2031,1993-06-07
7691,2018-02-05
7692,2018-02-06
7693,2018-02-07
7694,2018-02-08
7695,2018-02-09
7696,2018-02-12
7697,2018-02-13
339,1985-12-26
340,1985-12-27
2827,1996-12-10
7698,2018-02-14
7701,2018-02-19
7702,2018-02-20
7703,2018-02-21
7704,2018-02-22
1718,1992-02-05
7705,2018-02-23
7707,2018-02-27
7699,2018-02-15
7700,2018-02-16
4863,2005-11-02
7706,2018-02-26
7708,2018-02-28
7709,2018-03-01
1895,1992-11-27
7712,2018-03-06
7710,2018-03-02
7717,2018-03-13
7711,2018-03-05
7713,2018-03-07
7714,2018-03-08
2828,1996-12-11
7715,2018-03-09
7716,2018-03-12
7718,2018-03-14
1940,1993-01-29
7722,2018-03-20
7719,2018-03-15
7720,2018-03-16
7721,2018-03-19
7723,2018-03-21
7727,2018-03-27
4864,2005-11-03
1896,1992-11-30
7724,2018-03-22
7725,2018-03-23
7726,2018-03-26
7728,2018-03-28
7729,2018-03-29
7730,2018-03-30
7731,2018-04-02
7732,2018-04-03
7733,2018-04-04
4865,2005-11-04
7734,2018-04-05
7735,2018-04-06
7736,2018-04-09
7737,2018-04-10
7738,2018-04-11
7742,2018-04-17
7739,2018-04-12
7740,2018-04-13
7741,2018-04-16
7747,2018-04-24
2829,1996-12-12
7743,2018-04-18
7744,2018-04-19
7745,2018-04-20
7746,2018-04-23
1897,1992-12-01
7748,2018-04-25
7749,2018-04-26
7750,2018-04-27
7751,2018-04-30
7752,2018-05-01
2830,1996-12-13
7753,2018-05-02
7754,2018-05-03
7755,2018-05-04
7756,2018-05-07
7757,2018-05-08
7758,2018-05-09
7759,2018-05-10
7760,2018-05-11
7761,2018-05-14
7762,2018-05-15
4866,2005-11-07
7766,2018-05-21
7763,2018-05-16
7764,2018-05-17
7765,2018-05-18
7767,2018-05-22
7768,2018-05-23
7769,2018-05-24
7770,2018-05-25
7771,2018-05-28
710,1987-10-09
4867,2005-11-08
1472,1991-01-15
2630,1996-01-26
7772,2018-05-29
7773,2018-05-30
7774,2018-05-31
7775,2018-06-01
1115,1989-06-09
600,1987-03-27
7777,2018-06-05
816,1988-03-07
4601,2004-09-13
4655,2004-11-26
2831,1996-12-16
7778,2018-06-06
1338,1990-05-30
971,1988-11-21
7776,2018-06-04
7779,2018-06-07
7780,2018-06-08
1607,1991-09-03
7781,2018-06-11
993,1988-12-21
7782,2018-06-12
4868,2005-11-09
994,1988-12-22
952,1988-10-25
950,1988-10-21
7783,2018-06-13
7784,2018-06-14
7785,2018-06-15
848,1988-04-20
7786,2018-06-18
855,1988-04-29
7787,2018-06-19
2832,1996-12-17
892,1988-06-21
953,1988-10-26
1344,1990-06-07
7788,2018-06-20
7789,2018-06-21
7790,2018-06-22
889,1988-06-16
7791,2018-06-25
893,1988-06-22
7792,2018-06-26
4869,2005-11-10
894,1988-06-23
2302,1994-09-13
2634,1996-02-01
7793,2018-06-27
7794,2018-06-28
7795,2018-06-29
7796,2018-07-02
7797,2018-07-03
2446,1995-04-03
7798,2018-07-04
2833,1996-12-18
7799,2018-07-05
7800,2018-07-06
1586,1991-06-24
896,1988-06-27
7801,2018-07-09
1119,1989-06-15
7802,2018-07-10
1354,1990-06-21
1355,1990-06-22
7803,2018-07-11
4870,2005-11-11
1335,1990-05-25
1617,1991-09-17
7804,2018-07-12
7805,2018-07-13
1116,1989-06-12
7806,2018-07-16
483,1986-10-15
7807,2018-07-17
2246,1994-05-16
1345,1990-06-08
2834,1996-12-19
7808,2018-07-18
610,1987-04-10
7809,2018-07-19
7810,2018-07-20
904,1988-07-07
1107,1989-05-30
7811,2018-07-23
630,1987-05-08
1130,1989-06-30
7812,2018-07-24
2835,1996-12-20
1696,1992-01-06
895,1988-06-24
827,1988-03-22
461,1986-09-15
766,1987-12-28
7813,2018-07-25
463,1986-09-17
2747,1996-07-09
7814,2018-07-26
7815,2018-07-27
4871,2005-11-14
749,1987-12-03
747,1987-12-01
2416,1995-02-20
1005,1989-01-06
657,1987-06-16
1521,1991-03-25
1362,1990-07-03
1363,1990-07-04
1356,1990-06-25
569,1987-02-12
2836,1996-12-23
1138,1989-07-12
861,1988-05-09
1366,1990-07-09
1826,1992-07-06
2286,1994-07-11
2466,1995-05-01
7816,2018-09-10
7817,2018-09-11
7818,2018-09-12
7819,2018-09-13
4656,2004-11-29
4872,2005-11-15
2173,1994-02-02
7820,2018-09-14
7821,2018-09-17
7822,2018-09-18
1752,1992-03-24
7823,2018-09-19
7824,2018-09-20
7825,2018-09-21
1754,1992-03-26
1756,1992-03-30
2837,1996-12-24
7826,2018-09-24
7827,2018-09-25
7828,2018-09-26
7829,2018-09-27
7830,2018-09-28
7831,2018-10-01
7832,2018-10-02
7833,2018-10-03
7834,2018-10-04
7835,2018-10-05
2838,1996-12-25
7836,2018-10-08
7837,2018-10-09
7838,2018-10-10
7839,2018-10-11
7840,2018-10-12
7841,2018-10-15
7842,2018-10-16
7843,2018-10-17
7844,2018-10-18
7845,2018-10-19
4874,2005-11-17
7846,2018-10-22
7847,2018-10-23
7848,2018-10-24
7849,2018-10-25
7850,2018-10-26
7851,2018-10-29
7852,2018-10-30
7853,2018-10-31
7854,2018-11-01
7855,2018-11-02
3142,1998-04-07
7856,2018-11-05
7857,2018-11-06
7858,2018-11-07
7859,2018-11-08
7860,2018-11-09
7861,2018-11-12
7862,2018-11-13
7863,2018-11-14
7864,2018-11-15
7865,2018-11-16
4873,2005-11-16
7866,2018-11-19
7867,2018-11-20
7868,2018-11-21
2102,1993-10-26
1648,1991-10-30
7869,2018-11-22
7870,2018-11-23
7871,2018-11-26
7872,2018-11-27
7873,2018-11-28
4875,2005-11-18
7874,2018-11-29
7875,2018-11-30
7876,2018-12-03
7877,2018-12-04
7878,2018-12-05
7879,2018-12-06
2839,1996-12-26
2840,1996-12-27
2841,1996-12-30
4657,2004-11-30
4876,2005-11-21
2842,1996-12-31
2843,1997-01-01
4877,2005-11-22
2844,1997-01-02
4878,2005-11-23
509,1986-11-20
4879,2005-11-24
2845,1997-01-03
510,1986-11-21
4658,2004-12-01
4880,2005-11-25
2846,1997-01-06
2847,1997-01-07
2849,1997-01-09
4881,2005-11-28
2851,1997-01-13
2852,1997-01-14
4882,2005-11-29
2853,1997-01-15
4883,2005-11-30
4659,2004-12-02
2854,1997-01-16
4884,2005-12-01
2855,1997-01-17
4885,2005-12-02
2856,1997-01-20
2857,1997-01-21
4886,2005-12-05
2858,1997-01-22
4887,2005-12-06
2860,1997-01-24
4660,2004-12-03
2861,1997-01-27
4888,2005-12-07
2862,1997-01-28
4889,2005-12-08
2863,1997-01-29
4890,2005-12-09
2865,1997-01-31
2866,1997-02-03
4891,2005-12-12
2867,1997-02-04
4661,2004-12-06
2868,1997-02-05
4892,2005-12-13
4893,2005-12-14
2869,1997-02-06
2870,1997-02-07
4894,2005-12-15
4895,2005-12-16
2871,1997-02-10
2872,1997-02-11
4896,2005-12-19
4662,2004-12-07
2873,1997-02-12
4897,2005-12-20
2874,1997-02-13
2875,1997-02-14
4898,2005-12-21
4899,2005-12-22
4900,2005-12-23
2879,1997-02-20
2880,1997-02-21
4901,2005-12-26
4663,2004-12-08
2881,1997-02-24
4902,2005-12-27
2882,1997-02-25
4903,2005-12-28
2883,1997-02-26
2585,1995-11-24
4904,2005-12-29
4905,2005-12-30
2884,1997-02-27
2885,1997-02-28
4664,2004-12-09
4906,2006-01-02
4907,2006-01-03
2886,1997-03-03
2889,1997-03-06
4908,2006-01-04
1421,1990-11-05
2890,1997-03-07
4909,2006-01-05
2891,1997-03-10
4910,2006-01-06
4602,2004-09-14
4665,2004-12-10
2995,1997-09-12
2996,1997-09-15
2997,1997-09-16
4911,2006-01-09
2998,1997-09-17
4912,2006-01-10
2999,1997-09-18
4913,2006-01-11
3001,1997-09-22
1423,1990-11-07
4666,2004-12-13
3002,1997-09-23
4914,2006-01-12
1424,1990-11-08
3003,1997-09-24
4915,2006-01-13
1425,1990-11-09
3004,1997-09-25
3900,2001-07-13
2953,1997-06-04
2954,1997-06-05
4667,2004-12-14
4916,2006-01-16
2955,1997-06-06
4917,2006-01-17
2956,1997-06-09
1426,1990-11-12
2958,1997-06-11
4918,2006-01-18
2150,1993-12-31
1427,1990-11-13
2959,1997-06-12
4668,2004-12-15
4919,2006-01-19
1428,1990-11-14
2960,1997-06-13
4920,2006-01-20
2961,1997-06-16
2962,1997-06-17
1429,1990-11-15
1430,1990-11-16
2963,1997-06-18
2964,1997-06-19
4669,2004-12-16
4921,2006-01-23
4922,2006-01-24
1422,1990-11-06
4923,2006-01-25
2965,1997-06-20
2966,1997-06-23
4924,2006-01-26
2967,1997-06-24
4925,2006-01-27
2968,1997-06-25
4670,2004-12-17
2969,1997-06-26
2970,1997-06-27
4926,2006-01-30
4927,2006-01-31
2971,1997-06-30
2972,1997-07-01
4928,2006-02-01
2973,1997-07-02
4929,2006-02-02
2974,1997-07-03
4671,2004-12-20
4930,2006-02-03
2975,1997-07-04
2976,1997-07-07
1791,1992-05-18
1792,1992-05-19
4931,2006-02-06
2977,1997-07-08
4932,2006-02-07
2978,1997-07-09
4933,2006-02-08
4672,2004-12-21
2038,1993-06-16
2979,1997-07-10
4934,2006-02-09
2980,1997-07-11
4935,2006-02-10
2981,1997-07-14
2982,1997-07-15
2983,1997-07-16
4936,2006-02-13
4937,2006-02-14
4673,2004-12-22
2984,1997-07-17
2949,1997-05-29
4938,2006-02-15
2950,1997-05-30
4939,2006-02-16
2951,1997-06-02
2952,1997-06-03
4940,2006-02-17
2015,1993-05-14
2947,1997-05-27
3072,1997-12-30
3215,1998-07-17
4941,2006-02-20
3217,1998-09-08
3218,1998-09-09
4942,2006-02-21
3219,1998-09-10
4943,2006-02-22
3220,1998-09-11
3221,1998-09-14
4944,2006-02-23
4603,2004-09-15
3073,1997-12-31
1793,1992-05-20
1794,1992-05-21
1795,1992-05-22
3222,1998-09-15
4945,2006-02-24
3223,1998-09-16
3224,1998-09-17
3225,1998-09-18
4946,2006-02-27
4947,2006-02-28
731,1987-11-09
3226,1998-09-21
4948,2006-03-01
3227,1998-09-22
3228,1998-09-23
4949,2006-03-02
3229,1998-09-24
4228,2003-01-08
4950,2006-03-03
3230,1998-09-25
4230,2003-01-10
4674,2004-12-23
3231,1998-09-28
3232,1998-09-29
4951,2006-03-06
3233,1998-09-30
4952,2006-03-07
3234,1998-10-01
3235,1998-10-02
4953,2006-03-08
3236,1998-10-05
4954,2006-03-09
732,1987-11-10
3237,1998-10-06
4955,2006-03-10
3239,1998-10-08
3240,1998-10-09
3241,1998-10-12
3242,1998-10-13
4956,2006-03-13
4957,2006-03-14
3243,1998-10-14
3244,1998-10-15
734,1987-11-12
4958,2006-03-15
3245,1998-10-16
3246,1998-10-19
4959,2006-03-16
4960,2006-03-17
3247,1998-10-20
3248,1998-10-21
3901,2001-07-16
3249,1998-10-22
4961,2006-03-20
733,1987-11-11
3250,1998-10-23
4962,2006-03-21
3251,1998-10-26
4963,2006-03-22
3252,1998-10-27
3253,1998-10-28
4964,2006-03-23
3254,1998-10-29
4965,2006-03-24
3255,1998-10-30
3075,1998-01-02
4295,2003-04-11
4294,2003-04-10
3902,2001-07-17
3094,1998-01-29
3095,1998-01-30
3256,1998-11-02
3257,1998-11-03
3258,1998-11-04
4296,2003-04-14
4966,2006-03-27
4675,2004-12-24
3259,1998-11-05
4967,2006-03-28
3260,1998-11-06
4968,2006-03-29
3261,1998-11-09
3262,1998-11-10
4969,2006-03-30
3263,1998-11-11
3903,2001-07-18
4970,2006-03-31
3141,1998-04-06
3264,1998-11-12
3265,1998-11-13
4971,2006-04-03
3266,1998-11-16
3267,1998-11-17
4972,2006-04-04
3268,1998-11-18
4973,2006-04-05
3269,1998-11-19
3271,1998-11-23
4676,2004-12-27
3272,1998-11-24
4975,2006-04-07
4974,2006-04-06
3273,1998-11-25
4297,2003-04-15
4298,2003-04-16
3274,1998-11-26
4141,2002-09-09
4976,2006-04-10
3275,1998-11-27
4604,2004-09-16
3076,1998-01-05
314,1985-11-21
4977,2006-04-11
315,1985-11-22
3276,1998-11-30
4978,2006-04-12
3277,1998-12-01
4979,2006-04-13
4137,2002-09-03
4138,2002-09-04
3278,1998-12-02
4677,2004-12-28
4980,2006-04-14
3661,2000-07-03
3279,1998-12-03
4981,2006-04-17
3280,1998-12-04
4982,2006-04-18
3281,1998-12-07
4983,2006-04-19
4984,2006-04-20
3282,1998-12-08
735,1987-11-13
4595,2004-07-23
3148,1998-04-15
3283,1998-12-09
4985,2006-04-21
3284,1998-12-10
3285,1998-12-11
3286,1998-12-14
4986,2006-04-24
4123,2002-07-03
3287,1998-12-15
736,1987-11-16
4987,2006-04-25
4124,2002-07-04
3288,1998-12-16
4988,2006-04-26
4198,2002-11-27
3289,1998-12-17
4989,2006-04-27
3290,1998-12-18
4990,2006-04-28
3291,1998-12-21
4678,2004-12-29
5,1990-07-14
3292,1998-12-22
3149,1998-04-16
4991,2006-05-01
4992,2006-05-02
3293,1998-12-23
4993,2006-05-03
3294,1998-12-24
4,1990-07-07
4994,2006-05-04
4679,2004-12-30
4995,2006-05-05
4199,2002-11-28
3295,1998-12-25
3151,1998-04-20
4996,2006-05-08
3152,1998-04-21
4997,2006-05-09
3296,1998-12-28
4998,2006-05-10
4999,2006-05-11
4680,2004-12-31
3144,1998-04-09
3297,1998-12-29
5000,2006-05-12
4200,2002-11-29
3298,1998-12-30
5001,2006-05-15
5002,2006-05-16
3299,1998-12-31
5003,2006-05-17
5004,2006-05-18
4681,2005-01-03
3301,1999-01-04
5005,2006-05-19
3302,1999-01-05
5006,2006-05-22
4201,2002-12-02
5007,2006-05-23
3303,1999-01-06
5008,2006-05-24
3304,1999-01-07
5009,2006-05-25
4682,2005-01-04
5010,2006-05-26
3305,1999-01-08
3306,1999-01-11
5011,2006-05-29
5012,2006-05-30
3665,2000-07-07
5013,2006-05-31
3666,2000-07-10
3926,2001-10-01
3927,2001-10-02
4683,2005-01-05
3928,2001-10-03
3929,2001-10-04
3930,2001-10-05
5014,2006-06-01
3667,2000-07-11
5015,2006-06-02
3931,2001-10-08
3932,2001-10-09
3933,2001-10-10
3934,2001-10-11
